1,1.4,1.2,0.7,3.5,22.5,2.0,1.7,1.5,1.3,2.8,1.0,7.8,0.7,1.2,1.4,1.5,1.7,1.4,1.3,1.2,1.6,0.9,1.8,1.2,1.3,1.0,0.9,1.1,1.0,1.3,1.0,1.6,5.3,1.2,1.4,1.0,1.9,24.4,3.0,1.4,3.0,1.3,1.5,2.2,1.2,1.3,0.9,1.3,2.2,1.3,1.2,1.2,1.1,1.2,1.1,3.0,1.4,1.2,2.4,0.8,1.0,1.5,1.3,0.7,0.6,2.8,1.0,1.3,1.1,1.3,1.2,2.5,15.7,0.9,2.0,1.3,1.1,0.8,1.7,1.2,0.9,2.1,1.1,1.3,0.9,1.1,1.3,1.1,1.1,1.3,1.0,0.9,1.1,1.7,0.8,1.0
1,3.4,1.8,1.2,181.1,1363.9,295.4,1.6,1.5,1.1,0.7,2.6,37.3,12.3,63.9,75.1,1.0,18.2,11.3,249.9,0.6,2.9,0.5,2.6,7.5,5.2,58.9,0.9,0.2,1.5,0.7,1.0,2.0,6.2,0.6,0.4,1.1,410.7,1436.6,12.0,1.2,2.8,2.4,13.0,1.4,2.4,0.4,8.9,1.1,2.9,379.3,24.1,0.6,1.3,0.2,1.7,12.0,3.9,0.7,505.7,2.8,93.0,335.1,6.1,1.1,5.2,47.1,2.1,2.1,2.1,144.0,3.3,16.0,0.8,8.2,64.1,1.7,2.8,2.5,1.1,0.7,0.8,0.6,0.4,0.7,17.2,90.6,0.3,0.6,9.5,2.6,3.2,0.5,0.8,2.2,3.5,21.8
1,2.0,1.8,1.3,8.7,30.7,2.9,1.2,2.7,3.2,0.7,1.9,3.9,1.0,1.3,1.9,2.5,4.3,0.4,2.0,0.7,0.6,1.0,0.6,1.3,1.0,0.5,1.6,0.5,1.2,1.8,1.1,0.8,2.7,1.9,0.6,1.0,2.2,28.5,1.3,0.6,0.7,0.7,2.0,0.6,1.0,1.2,0.9,1.3,1.7,2.3,1.0,1.0,1.1,0.6,1.6,1.3,1.1,1.0,3.0,0.8,1.0,2.4,1.3,0.6,1.4,2.1,1.3,0.7,1.0,1.8,1.3,3.8,1.1,1.1,2.1,0.5,1.1,0.8,0.8,1.2,1.5,1.2,1.1,0.8,1.7,2.2,0.3,0.9,0.6,1.6,1.2,0.9,1.1,5.1,0.7,1.1
1,25.0,11.5,1.2,4.8,3.0,4.4,3.6,16.1,6.1,1.8,3.6,13.7,1.5,0.5,2.5,3.5,1.4,3.9,4.3,3.7,1.5,1.9,1.0,1.2,2.4,3.3,3.9,0.9,1.7,5.2,1.6,0.5,0.9,3.3,1.1,1.3,10.0,4.0,2.1,1.3,5.1,1.6,4.1,1.3,1.7,1.5,2.6,1.2,7.8,7.2,0.8,3.3,0.9,1.4,2.9,2.1,1.9,1.4,2.7,2.4,1.5,6.4,1.7,0.2,1.4,4.9,2.0,0.6,2.0,1.6,2.6,2.8,13.1,1.7,1.7,1.1,2.1,1.2,0.3,1.3,1.7,1.7,1.6,1.2,1.5,4.9,0.3,1.2,0.4,1.3,2.0,0.8,0.9,8.0,1.7,0.9
1,3.1,2.1,1.3,12.3,788.4,5.9,3.1,5.7,2.2,0.6,3.2,3.9,2.4,0.7,4.1,4.2,1.7,0.3,0.7,5.2,0.3,3.1,0.7,0.9,0.8,0.3,1.7,2.1,1.3,6.1,1.9,1.8,1.1,0.8,0.8,1.6,21.6,923.7,0.2,0.6,2.3,0.6,2.3,0.3,0.8,2.6,1.0,1.1,9.3,1.1,0.8,0.7,0.7,0.8,1.5,0.2,0.2,2.1,1.6,1.1,4.0,0.3,1.3,0.5,1.2,7.0,2.4,1.1,0.7,1.7,1.0,1.1,2.5,1.3,1.1,0.6,0.6,1.1,1.1,1.3,2.3,1.2,0.6,0.7,0.7,1.9,1.2,1.3,1.1,1.4,0.8,0.8,1.0,9.9,0.9,1.0
1,3.9,2.5,1.8,15.9,2.3,1.3,1.0,1.9,3.5,0.5,2.3,0.1,1.9,0.6,1.1,1.6,0.5,1.0,2.0,1.9,1.3,1.4,1.7,1.0,1.6,1.4,1.8,1.1,1.5,17.0,2.2,1.1,1.0,1.2,1.0,1.2,1.1,1.0,5.2,0.8,4.1,1.9,1.1,1.1,0.9,1.3,1.1,1.0,15.7,0.7,1.0,1.5,1.0,0.7,1.3,5.2,1.9,1.1,0.6,1.1,1.7,0.6,1.1,0.3,1.7,1.7,1.8,0.8,0.9,1.0,1.2,0.6,0.8,1.7,0.7,1.5,0.6,1.3,0.5,1.4,1.9,1.6,0.9,1.3,1.8,3.7,1.4,1.5,0.9,1.1,1.2,0.8,0.9,11.5,1.1,1.7
1,3.7,3.0,1.7,14.4,1.8,1.1,0.9,3.4,3.3,0.6,2.2,1.0,1.7,0.7,1.0,1.7,0.4,1.6,1.4,1.8,0.9,1.3,0.7,1.0,1.6,0.9,1.7,1.1,1.4,14.7,1.9,0.6,1.4,1.4,1.0,1.2,0.7,0.6,3.5,0.6,2.6,1.1,1.2,0.6,0.7,1.2,1.6,0.9,9.7,0.7,0.9,0.8,1.0,1.5,1.1,3.5,1.2,1.0,0.6,1.1,2.0,0.6,1.1,0.5,2.2,1.3,2.3,0.7,1.0,1.0,0.9,0.5,0.5,1.5,0.9,1.0,0.6,1.2,0.7,1.3,2.3,0.7,0.9,0.8,1.9,3.4,1.7,1.5,0.6,1.2,1.2,0.8,0.9,9.1,1.0,1.5
1,2.9,3.3,0.5,67.9,214.4,112.6,0.8,1.1,2.3,0.3,0.5,291.6,16.4,11.2,44.1,4.9,12.5,2.0,35.6,1.1,1.5,0.2,5.7,4.1,3.1,27.6,0.3,0.0,0.3,0.4,0.9,0.0,1.3,6.2,1.7,2.0,473.3,535.4,8.1,1.1,8.2,3.3,4.1,6.4,2.0,0.7,3.2,0.9,4.7,167.8,6.0,0.9,1.9,0.0,2.8,8.1,1.7,0.7,81.8,30.8,31.6,168.2,4.0,4.7,1.8,6.4,3.2,1.0,1.5,35.8,1.2,5.3,0.5,6.0,39.9,2.5,2.1,1.1,0.2,0.7,0.6,1.0,0.2,0.8,5.1,12.1,0.3,0.4,2.5,3.6,1.4,0.6,1.0,1.3,3.1,0.6
1,5.2,3.6,0.7,49.7,162.0,93.8,1.4,0.7,3.1,0.5,0.1,24.6,38.0,8.8,28.6,2.0,1.0,1.0,23.0,0.9,2.2,2.2,4.7,2.5,2.4,36.6,0.4,0.0,0.4,0.4,1.3,0.1,7.3,3.5,1.2,2.0,210.2,346.2,9.2,1.3,6.0,5.1,8.8,5.5,1.2,1.7,5.0,0.6,3.8,104.3,2.7,1.4,2.1,0.3,3.9,9.2,2.3,1.0,11.3,65.0,21.0,77.1,3.5,1.4,1.6,16.6,2.0,1.0,0.3,22.6,1.6,4.6,1.4,8.1,23.6,1.9,5.5,1.2,0.2,0.7,0.9,1.0,0.3,0.8,2.5,6.7,0.5,0.6,0.6,1.4,2.0,0.8,1.1,0.5,2.1,1.1
1,3.6,2.3,0.7,2.6,158.9,10.0,3.2,1.4,6.0,0.4,0.7,23.5,3.8,0.8,4.5,5.1,3.8,2.0,5.0,2.0,1.5,1.3,0.9,1.4,0.8,3.3,1.6,0.2,0.4,0.5,0.9,1.0,2.9,4.2,1.0,1.5,14.9,100.5,1.1,0.3,1.1,2.1,3.8,1.0,0.7,0.7,1.4,0.4,2.1,8.8,0.5,0.9,1.2,1.8,0.6,1.1,1.6,1.2,15.1,3.1,2.9,10.5,1.1,1.3,1.0,5.5,2.3,1.0,1.5,4.9,1.7,1.0,1.2,1.2,3.7,1.6,0.7,0.7,0.4,0.7,1.4,0.7,0.6,0.5,1.6,3.1,1.0,0.4,0.6,0.4,1.2,2.2,1.1,2.2,1.8,1.0
1,5.9,2.7,0.6,5.9,24.4,8.8,3.2,1.4,5.5,0.4,0.8,0.5,4.6,1.7,2.8,3.5,4.1,0.9,6.0,1.7,1.4,1.3,0.9,1.1,0.6,2.9,1.4,0.8,0.4,0.6,1.0,0.0,1.7,3.3,0.9,1.3,13.4,28.4,3.9,0.3,0.8,1.7,2.7,0.9,0.9,1.0,1.8,0.4,2.7,8.3,0.4,1.1,1.3,1.4,0.6,3.9,1.3,1.0,4.1,2.9,2.5,12.4,0.9,1.2,1.2,7.5,1.1,0.8,1.4,4.6,1.4,0.2,1.3,1.5,2.4,1.6,0.7,0.8,0.3,0.7,0.9,0.8,0.7,0.4,3.5,2.8,0.6,0.4,0.4,0.3,1.1,2.2,1.0,2.1,1.8,0.9
1,19.0,8.1,1.1,8.3,2.3,2.6,1.3,3.8,2.3,0.7,2.1,1.9,1.4,1.0,1.5,3.1,1.0,1.1,1.5,5.0,0.9,0.8,1.0,1.3,0.9,1.4,1.2,1.4,0.9,2.4,1.2,1.4,0.9,1.4,0.7,0.9,4.7,6.5,1.7,1.4,6.1,1.2,2.3,1.3,0.7,1.0,0.9,1.2,11.4,2.6,0.6,0.9,1.3,0.9,1.7,1.7,0.8,1.1,2.0,1.4,1.2,2.4,1.3,1.0,0.8,1.6,3.2,1.1,1.5,1.8,1.1,0.4,1.2,1.1,1.5,1.0,0.6,0.9,1.0,1.1,2.0,1.2,1.0,0.9,0.3,1.5,1.8,1.0,0.9,1.2,0.8,1.0,1.0,5.0,1.0,0.6
1,20.9,10.0,1.9,7.6,1.9,0.9,2.0,7.2,1.4,1.1,2.1,8.0,0.9,1.1,1.0,3.1,1.0,1.3,2.2,3.1,1.1,1.4,1.2,1.0,1.6,0.9,1.8,1.1,1.7,4.1,2.0,1.4,1.6,1.2,1.6,1.2,0.9,2.9,1.6,1.0,7.5,1.4,6.9,1.0,0.9,1.2,1.2,1.0,19.6,1.3,1.2,1.1,1.0,1.2,1.5,1.6,1.4,1.3,0.9,2.0,1.0,2.9,1.7,0.6,1.0,0.8,2.2,1.4,1.6,1.0,1.3,0.4,6.9,1.4,1.0,1.3,1.4,1.3,2.0,1.5,1.7,1.2,1.1,1.1,0.1,1.4,1.1,1.0,1.4,1.1,1.0,0.8,1.0,4.2,1.4,0.7
1,2.4,1.1,0.5,47.2,1509.6,150.8,1.8,1.2,1.9,4.3,0.8,322.3,10.3,24.7,50.5,0.4,30.7,7.3,124.0,0.7,0.2,0.4,0.7,1.8,2.2,45.8,1.1,4.0,0.6,1.0,0.9,1.2,11.6,2.3,0.8,1.4,309.2,854.5,12.4,0.4,1.8,0.8,7.4,0.6,0.6,0.4,0.9,1.3,2.4,140.2,8.3,0.3,0.7,0.1,2.6,12.4,2.2,0.8,134.5,1.1,27.1,148.6,2.0,2.2,4.3,35.8,0.5,0.5,1.5,30.5,0.9,6.6,2.8,2.1,9.9,1.0,0.7,1.2,0.2,0.7,1.8,0.3,0.3,0.4,23.2,43.0,0.4,1.0,4.1,1.2,0.6,0.7,0.6,1.3,3.1,5.6
1,2.1,1.4,0.3,48.2,426.9,228.2,1.2,0.9,0.9,1.1,0.7,326.3,16.2,23.5,37.7,1.4,4.7,169.9,58.6,0.4,0.6,0.3,2.0,1.1,3.6,67.4,1.4,0.2,0.3,0.4,0.7,0.6,8.4,2.8,0.8,2.2,347.4,412.1,3.3,0.4,1.3,1.9,6.4,0.5,0.5,0.4,0.1,1.5,0.8,192.5,4.4,0.4,1.5,0.3,1.8,3.3,0.6,0.1,65.8,1.2,22.0,186.5,2.4,2.3,4.7,52.0,0.7,0.6,0.1,23.9,1.3,1.4,0.9,4.1,7.3,2.5,2.0,1.7,0.3,0.5,2.5,0.3,0.4,0.3,40.6,75.8,0.1,0.5,3.2,0.4,1.7,0.4,0.4,0.8,4.5,12.4
1,3.3,1.5,0.2,19.7,134.4,10.6,0.4,0.5,0.4,0.1,0.6,40.1,7.5,3.8,22.9,1.5,2.2,0.3,10.8,2.6,1.8,0.6,4.4,3.5,1.8,8.2,2.2,2.3,0.4,0.8,0.5,1.0,1.7,2.3,1.5,0.7,93.9,324.1,1.6,1.2,7.4,1.5,2.0,3.6,0.6,0.7,1.4,1.8,2.1,28.6,2.9,0.8,1.7,0.0,0.8,1.6,3.0,1.0,37.5,3.0,14.0,36.5,1.1,1.6,0.7,1.1,0.5,3.8,0.9,15.8,4.2,0.2,0.3,2.2,23.0,3.4,2.0,1.2,0.2,0.4,0.6,0.7,0.2,0.3,3.2,5.2,0.2,0.8,1.7,0.9,1.3,0.7,1.1,3.4,4.5,0.4
1,4.0,1.3,0.1,10.6,54.7,39.0,0.5,0.3,0.3,0.1,0.2,462.0,6.6,4.0,11.4,1.1,1.7,0.2,13.7,0.7,2.1,0.6,8.4,2.0,2.5,14.8,1.8,1.9,0.7,0.6,0.6,0.0,1.9,1.7,1.8,0.9,76.6,176.0,0.2,1.3,2.3,1.5,6.4,2.6,0.9,1.5,0.5,1.7,2.1,39.1,2.0,0.9,1.6,1.3,1.2,0.2,3.7,1.3,3.7,6.3,9.6,37.9,2.3,0.4,1.0,6.9,0.0,1.1,1.5,12.2,8.0,0.5,0.7,2.8,9.7,2.7,5.8,2.0,0.5,0.6,0.4,0.7,0.3,0.3,1.1,5.9,0.2,0.9,4.1,0.7,2.7,0.4,1.0,1.1,3.4,0.6
1,14.4,5.7,4.0,13.1,39.2,3.4,1.0,5.9,12.2,2.8,3.4,6.7,0.8,1.5,2.3,2.9,1.1,1.8,3.9,4.0,0.8,0.7,0.8,1.0,1.5,1.2,1.3,1.0,1.0,2.7,1.3,0.3,0.3,1.6,0.9,1.1,8.7,36.8,13.6,2.2,3.6,1.1,3.3,0.6,1.0,0.6,1.1,0.9,12.8,2.4,0.9,0.7,1.1,2.9,1.7,13.6,0.8,1.2,3.3,1.2,2.0,3.2,1.3,3.4,1.3,1.9,20.2,1.8,2.4,2.0,0.9,0.1,1.7,1.0,1.9,1.2,0.7,1.1,1.1,1.2,1.4,0.7,1.1,1.0,1.5,3.8,1.3,1.4,1.2,1.1,1.0,1.0,0.9,2.2,1.1,1.2
1,13.7,4.7,3.4,17.0,35.6,3.5,1.0,6.1,14.1,2.8,3.4,2.9,3.0,1.3,1.9,2.8,1.6,0.7,3.6,3.8,1.3,0.7,1.8,1.1,1.3,1.6,1.1,0.3,0.9,2.5,1.3,0.9,0.9,1.8,1.1,1.1,9.2,32.2,12.1,2.7,7.5,1.6,3.0,1.4,1.3,0.5,1.1,0.9,15.6,2.8,1.1,1.1,1.2,1.3,1.1,12.1,1.3,1.2,2.0,1.4,1.7,3.1,1.3,3.2,2.0,1.2,21.1,1.9,2.1,1.9,1.2,6.6,3.0,1.0,1.7,1.8,0.7,1.0,0.8,1.3,1.1,1.6,1.1,1.2,1.3,2.9,1.2,1.2,1.3,1.0,1.0,1.0,1.0,2.3,1.0,1.3
1,3.5,2.8,0.4,21.8,112.5,7.9,0.5,0.4,1.0,0.1,0.6,0.1,3.8,3.0,20.0,3.1,4.2,0.9,8.4,2.6,2.6,1.2,3.5,3.1,2.6,5.9,1.7,1.8,0.7,0.9,1.1,0.0,1.9,3.1,1.8,1.4,56.0,295.0,0.4,1.4,8.2,3.8,2.6,9.0,1.4,1.1,1.7,1.8,4.1,17.0,2.0,2.2,1.1,3.2,2.3,0.4,3.1,0.8,25.4,2.6,7.9,21.6,0.8,1.2,1.7,7.6,1.8,3.0,1.2,11.6,7.0,5.6,0.5,2.8,17.3,2.3,3.1,1.0,0.1,0.6,1.4,1.8,0.4,1.0,4.6,3.1,1.4,0.5,3.6,1.7,1.1,0.5,0.9,4.0,4.2,0.6
1,4.1,2.6,0.3,5.1,49.0,8.3,0.8,0.5,0.9,0.3,0.3,82.3,1.9,3.0,5.3,3.4,0.4,0.8,9.6,1.0,2.3,1.8,3.2,1.5,2.7,4.4,1.7,1.9,1.4,0.6,1.5,0.7,1.0,1.9,1.9,1.6,18.5,75.1,1.9,1.2,3.3,3.5,5.3,5.3,1.7,2.0,1.6,1.6,3.0,13.9,1.1,2.3,1.3,3.4,1.0,1.9,5.7,1.6,6.7,4.4,3.6,7.9,0.8,0.3,1.6,1.7,1.2,1.3,0.9,4.8,9.5,1.0,1.6,2.9,6.1,2.4,8.2,1.3,0.2,0.7,0.8,1.7,0.5,0.8,3.1,4.4,1.1,0.4,3.6,2.1,1.5,0.5,1.0,1.4,3.6,0.7
1,3.5,1.9,1.4,72.8,672.7,209.4,2.3,0.2,1.5,0.4,0.3,4.8,34.7,30.1,45.3,3.7,17.1,6.3,87.3,1.1,2.0,0.9,2.6,2.4,1.0,48.2,1.4,0.0,1.3,4.3,1.6,4.8,5.2,2.8,0.2,1.2,281.4,766.9,10.3,0.4,2.5,1.9,5.0,2.0,1.0,1.5,4.7,0.7,5.7,162.6,5.9,1.8,1.1,0.0,2.7,10.3,2.9,2.0,147.6,5.8,24.8,178.4,2.1,0.9,3.7,29.0,11.8,0.7,1.0,28.0,1.5,158.6,3.4,9.6,11.0,2.4,1.2,1.6,0.2,0.7,0.4,1.0,0.5,0.5,21.9,45.6,0.3,0.4,0.3,0.6,1.5,0.9,0.8,2.4,2.5,14.2
1,3.7,1.3,0.6,56.0,1140.9,326.8,1.9,0.3,2.6,0.5,0.3,162.9,24.1,29.7,59.0,1.8,9.3,20.1,135.3,1.6,3.1,0.4,1.6,1.7,1.0,73.1,0.7,0.2,0.4,0.8,1.0,0.0,9.3,2.2,0.8,1.0,418.3,645.8,105.5,0.6,3.0,0.5,7.9,2.2,0.8,0.5,2.8,0.6,2.4,210.4,6.7,1.4,0.9,0.1,3.4,105.5,3.7,0.0,225.6,4.4,24.8,232.5,2.8,2.1,3.3,230.5,0.2,0.9,0.2,39.4,1.5,34.1,3.1,8.8,11.9,1.9,1.4,2.0,0.3,0.6,0.2,0.9,0.3,0.6,29.9,135.5,0.4,0.7,0.1,0.5,1.4,0.9,1.0,1.8,3.8,6.8
1,1.4,0.9,0.4,15.6,191.0,18.5,1.7,1.7,3.1,0.4,0.6,18.6,5.5,13.3,7.9,11.6,100.3,4.9,26.7,1.2,1.5,1.7,0.8,2.6,4.6,4.2,1.8,1.3,2.2,0.7,1.0,0.0,13.1,4.2,1.5,1.1,33.7,156.8,2.1,0.8,1.6,1.3,6.3,2.0,1.0,1.0,1.4,0.6,2.2,24.6,3.1,1.2,0.9,0.0,1.1,2.1,2.7,0.8,48.0,4.9,10.7,30.5,0.6,0.5,2.2,6.7,2.0,0.8,0.9,13.5,7.9,1.1,1.6,2.3,7.4,1.5,2.5,0.8,0.2,0.6,1.6,1.0,0.4,0.7,13.1,13.1,1.1,0.7,2.1,1.8,1.7,1.4,1.2,6.8,4.1,2.7
1,1.2,0.5,0.3,2.3,1327.8,1.2,1.6,1.4,1.2,0.6,1.1,2.3,2.3,2.1,4.1,1.1,4.8,1.1,0.9,2.6,0.4,1.4,0.8,0.8,1.2,0.4,1.4,1.5,1.4,0.9,1.5,1.1,1.2,0.7,1.1,1.7,2.9,788.7,1.5,0.7,0.4,0.6,1.4,0.7,1.2,3.0,0.8,1.1,1.0,0.7,1.2,0.9,0.9,1.2,0.8,1.5,0.6,1.3,0.7,0.9,1.6,2.2,1.3,0.6,1.9,4.7,0.8,0.2,1.9,1.6,1.0,22.9,1.2,1.3,1.9,0.9,1.3,1.2,1.7,1.4,1.2,1.0,0.6,0.7,8.3,0.5,1.2,1.1,2.0,0.7,0.6,0.7,1.0,1.0,1.4,1.0
1,1.3,0.8,0.7,0.5,3.2,2.3,0.9,1.1,1.1,0.5,0.7,0.2,1.7,0.9,1.4,1.6,0.7,2.2,2.4,1.2,1.0,1.1,0.8,1.3,1.7,0.7,1.7,0.8,1.2,1.7,1.3,0.5,0.8,1.4,0.9,1.2,2.1,2.6,0.7,0.6,0.7,1.5,1.8,0.7,0.8,1.4,1.0,0.9,1.4,2.0,1.3,1.3,1.1,2.0,0.9,0.7,1.5,1.3,0.5,0.7,0.7,8.4,1.0,0.5,1.1,1.9,0.9,0.2,2.1,1.2,1.0,30.7,1.0,1.3,1.5,1.0,1.3,1.3,1.2,1.1,1.2,0.9,0.7,0.8,1.0,1.0,0.8,1.0,1.2,0.9,0.7,0.8,0.9,1.3,1.2,0.9
1,1.2,0.5,0.4,1.2,4.8,2.5,0.7,1.1,0.7,0.5,0.9,0.1,1.6,1.9,1.5,1.0,1.1,3.6,2.2,0.9,1.8,0.9,1.6,1.6,1.3,1.6,1.6,2.2,0.7,1.4,1.2,0.7,1.6,1.5,1.2,1.2,2.7,2.4,0.2,0.7,1.4,2.1,1.2,2.1,1.0,1.0,1.2,0.9,1.1,2.9,1.1,2.0,1.2,1.2,0.9,0.2,2.3,0.7,1.9,0.7,1.7,2.4,1.2,1.0,0.6,4.2,0.8,0.1,2.3,1.2,1.3,25.1,1.4,1.2,1.0,1.9,1.1,1.1,1.1,1.0,0.9,1.6,0.5,1.3,1.4,1.0,1.0,1.0,1.0,0.7,0.6,0.9,0.9,1.2,1.4,0.7
1,1.4,0.6,0.2,1.4,1.5,2.5,1.0,1.0,0.5,0.8,0.9,8.9,1.5,0.8,1.2,1.1,1.4,1.2,2.2,1.5,1.4,1.2,1.3,1.8,0.9,1.1,1.5,1.0,0.9,0.7,1.0,1.3,1.7,1.0,1.2,1.1,3.1,1.2,0.3,0.5,1.5,1.3,1.4,1.7,0.9,1.2,1.1,1.1,1.5,3.2,0.8,2.5,1.2,2.7,0.8,0.3,1.6,1.5,1.4,0.4,1.0,4.7,1.9,0.5,0.9,4.1,0.7,0.2,1.7,1.2,1.9,19.1,1.1,1.0,0.7,1.3,1.4,1.1,1.5,0.9,0.9,1.5,1.1,1.2,1.1,0.9,0.9,0.9,1.0,0.9,0.9,0.9,1.2,0.9,1.8,0.9
1,9.3,3.1,2.2,37.2,279.5,1.3,2.4,56.5,10.3,2.2,9.8,0.0,1.2,1.3,2.1,4.6,3.7,0.3,1.4,14.4,1.0,0.9,1.7,1.1,0.8,1.2,1.4,1.1,1.3,3.3,1.5,1.7,2.2,1.5,1.0,1.5,1.9,233.2,4.9,1.8,6.8,0.8,3.5,1.9,1.1,1.2,1.0,0.9,10.8,2.2,0.8,0.7,0.7,0.9,1.8,4.9,1.0,1.4,0.3,1.7,2.0,5.5,1.3,3.1,1.2,4.1,22.6,3.3,1.4,1.8,1.0,0.3,4.6,0.9,1.4,1.5,0.4,1.0,1.3,1.4,1.6,1.0,0.8,1.1,0.4,0.7,1.6,1.4,1.0,0.9,0.7,0.9,1.3,4.0,0.9,1.0
1,21.5,5.6,4.0,17.5,46.2,82.5,0.2,1.7,1.2,0.5,0.6,149.3,2.9,11.8,20.8,2.3,0.7,69.1,46.7,1.4,3.2,0.3,3.0,1.5,4.4,28.8,0.8,0.1,0.8,2.1,0.9,0.0,1.7,1.3,4.6,0.6,110.1,126.1,52.9,1.5,4.7,7.3,4.6,1.6,5.1,0.2,0.6,1.1,7.7,99.8,4.1,1.0,1.4,4.6,1.3,52.9,4.0,0.0,129.0,8.4,11.1,131.1,1.2,3.3,3.1,62.4,7.6,2.9,1.8,12.1,1.3,2.4,0.9,1.5,3.9,4.4,2.6,3.0,0.6,1.2,0.7,0.9,0.2,1.3,10.4,25.4,0.7,1.2,0.6,0.8,1.4,0.8,0.6,1.0,0.8,6.1
1,6.7,3.7,4.3,5.5,1.5,2.5,1.4,9.6,1.7,0.9,3.5,0.1,1.3,1.5,1.6,6.9,5.6,2.1,2.5,0.9,0.7,0.9,0.5,1.7,0.9,0.6,1.7,0.5,1.0,1.6,1.1,0.3,1.2,2.6,0.5,0.9,2.0,1.9,1.3,0.5,2.5,0.8,3.3,0.6,0.8,0.8,0.9,1.1,6.3,2.6,0.8,0.8,1.0,1.3,1.2,1.3,1.0,1.0,2.9,0.9,1.1,3.4,1.2,1.5,1.4,3.6,3.2,0.6,1.7,1.7,1.1,0.7,1.2,0.8,1.1,0.8,0.9,0.9,0.7,1.0,2.4,0.7,1.1,0.9,2.3,1.4,1.3,1.0,0.5,1.1,1.1,1.2,0.9,8.2,0.9,1.4
1,32.7,7.1,7.4,4.7,3.1,2.2,0.9,14.6,3.7,0.7,2.6,2.2,1.1,1.3,2.2,9.8,1.0,2.3,1.5,5.1,1.1,1.0,0.8,1.3,0.9,1.7,1.1,0.8,0.5,2.7,0.9,1.8,0.8,1.9,0.8,0.9,9.9,2.5,2.8,1.7,3.5,1.1,5.6,1.1,1.1,0.8,1.0,1.0,4.8,4.0,0.6,0.5,1.1,1.2,1.5,2.8,0.8,0.4,2.9,0.7,2.2,3.8,1.5,3.7,1.0,7.4,12.5,0.7,1.5,2.0,1.0,0.1,0.9,0.9,2.9,1.3,0.5,0.9,1.7,0.9,2.6,0.8,0.6,1.2,0.6,1.6,1.5,0.8,1.5,0.9,0.6,1.3,1.0,3.8,1.1,0.9
1,5.1,3.1,1.5,4.9,28.5,3.7,2.0,2.6,3.5,2.4,1.4,19.5,6.0,1.8,4.7,1.5,1.4,6.9,2.1,3.0,0.6,1.2,0.6,1.0,0.9,1.0,1.3,9.1,0.9,1.4,1.2,1.8,12.9,1.1,0.9,1.1,5.6,19.2,12.1,2.7,7.5,1.6,3.0,1.4,1.3,0.5,1.1,0.9,15.6,2.6,0.9,0.5,1.1,1.2,1.7,11.9,1.0,0.8,1.4,0.8,3.2,2.6,1.1,1.3,1.7,146.7,2.4,0.4,1.3,1.5,0.9,8.5,5.8,0.9,1.6,0.7,0.5,1.0,1.0,0.9,0.9,0.5,0.8,0.6,1.8,8.9,1.1,1.2,3.4,1.1,0.8,1.0,0.9,1.8,1.1,1.0
1,6.2,3.2,1.4,6.8,4.5,3.6,2.3,2.5,2.8,2.5,1.5,9.0,4.1,1.5,7.3,1.6,0.7,2.1,2.6,2.8,0.7,1.4,0.7,0.8,0.8,1.1,1.2,6.8,0.9,1.3,1.2,0.9,11.6,1.0,0.8,1.1,4.0,6.9,12.1,2.7,7.5,1.6,1.4,1.4,1.3,0.5,1.1,0.9,15.6,2.2,1.0,0.8,1.1,0.6,1.8,7.4,1.1,1.0,1.9,0.8,3.0,3.4,1.1,0.8,1.5,152.1,2.0,0.4,1.5,1.5,1.0,6.2,10.8,1.0,1.5,0.6,0.6,1.1,0.8,1.0,0.8,0.7,1.0,0.6,3.3,3.4,0.7,1.3,8.4,1.2,0.9,0.9,0.9,1.8,1.2,1.2
1,8.5,6.1,1.6,30.2,78.6,75.2,5.2,4.2,11.2,0.7,1.4,172.2,3.4,9.5,11.0,2.2,3.6,12.1,32.0,1.5,3.1,1.1,2.1,1.6,1.8,15.5,2.3,1.4,2.2,5.4,1.7,0.0,1.1,17.4,0.6,1.1,62.2,59.9,8.3,1.3,15.5,4.3,5.8,1.7,1.6,1.8,1.1,1.2,16.8,55.6,1.7,2.8,1.1,0.0,1.7,8.3,3.2,1.5,80.9,2.2,6.5,52.7,1.4,0.2,1.6,23.1,5.5,0.5,0.9,8.3,1.6,1.7,54.0,2.9,2.6,1.9,1.1,1.1,0.1,1.0,0.5,1.4,0.4,0.7,6.4,10.9,0.2,1.2,0.0,0.8,1.3,0.8,0.8,3.5,0.9,4.0
1,3.6,3.8,1.1,5.7,27.3,18.4,3.6,1.5,6.1,0.4,0.6,95.3,3.2,1.3,3.7,1.1,1.7,4.2,7.3,1.4,2.6,1.1,1.2,1.1,1.8,5.3,1.9,0.7,1.9,3.4,1.4,0.0,3.4,10.0,1.0,1.2,33.9,18.9,2.6,0.7,4.1,2.9,2.2,0.8,1.2,1.4,1.1,0.9,8.2,14.8,1.2,1.3,0.9,0.0,1.0,2.6,2.5,0.7,6.8,1.4,3.0,16.0,0.7,0.4,1.2,7.3,1.3,0.6,1.6,2.2,1.0,8.6,18.4,2.2,1.8,1.7,1.3,1.5,0.1,1.1,0.9,0.7,0.7,0.6,2.2,9.1,0.2,0.5,0.1,0.9,0.9,0.8,0.8,2.2,1.6,1.6
2,2.0,1.0,0.8,1.9,2.7,3.7,1.0,2.7,1.3,1.0,2.1,0.9,1.3,0.7,1.3,0.8,1.3,1.4,1.2,1.4,1.1,1.0,1.0,1.2,1.0,1.9,1.1,1.1,0.8,0.7,1.0,1.1,1.0,0.9,0.8,0.8,5.5,5.2,1.1,1.0,1.5,1.3,0.7,1.1,1.3,0.9,1.1,1.1,1.0,1.9,0.6,1.0,1.0,0.6,1.5,1.1,0.7,0.7,1.5,1.0,2.1,1.9,1.2,2.7,0.9,1.8,0.4,1.1,0.7,1.5,1.0,2.5,0.7,0.8,1.2,1.1,0.4,1.0,1.4,1.0,1.4,1.3,0.7,1.0,1.1,1.1,0.8,0.6,1.2,1.2,0.6,1.2,1.0,1.6,1.0,1.0
2,2.3,1.4,1.3,2.7,0.8,1.1,1.0,5.1,1.2,0.9,1.7,5.6,1.1,0.7,0.9,1.0,0.9,0.5,1.4,2.2,1.1,1.6,1.2,0.8,1.2,1.1,1.4,1.4,1.5,1.2,1.5,1.2,1.2,1.0,1.3,1.2,1.2,1.7,1.9,1.2,1.1,1.2,1.6,1.2,1.3,1.2,1.1,1.0,1.3,1.2,1.1,1.3,1.2,1.1,1.6,1.9,1.0,1.2,0.9,1.8,1.2,0.8,1.7,0.9,1.0,0.9,1.2,1.6,0.8,0.9,1.1,0.4,0.8,1.0,1.2,1.3,1.0,1.3,1.8,1.3,1.3,1.1,1.1,1.0,1.6,1.2,0.7,1.3,1.6,1.1,1.0,0.8,1.1,1.4,1.0,1.0
2,3.3,1.5,0.2,19.7,134.4,10.6,0.4,0.5,0.4,0.1,0.6,40.1,7.5,3.8,22.9,1.5,2.2,0.3,10.8,2.6,1.8,0.6,4.4,3.5,1.8,8.2,2.2,2.3,0.4,0.8,0.5,1.0,1.7,2.3,1.5,0.7,93.9,324.1,1.6,1.2,7.4,1.5,2.0,3.6,0.6,0.7,1.4,1.8,2.1,28.6,2.9,0.8,1.7,0.0,0.8,1.6,3.0,1.0,37.5,3.0,14.0,36.5,1.1,1.6,0.7,1.1,0.5,3.8,0.9,15.8,4.2,0.2,0.3,2.2,23.0,3.4,2.0,1.2,0.2,0.4,0.6,0.7,0.2,0.3,3.2,5.2,0.2,0.8,1.7,0.9,1.3,0.7,1.1,3.4,4.5,0.4
2,10.2,3.8,1.6,9.0,6.2,1.4,3.4,15.4,3.1,4.7,3.1,18.2,1.5,1.1,1.6,0.9,1.4,1.0,1.9,4.7,1.6,2.0,2.0,0.9,1.1,1.2,2.0,1.3,1.9,4.1,2.0,1.1,1.1,1.6,1.4,1.3,1.3,11.2,2.2,1.8,2.7,1.6,1.4,2.1,1.8,1.4,1.4,0.9,5.6,0.8,1.6,2.0,1.1,1.3,2.6,2.2,1.9,1.3,0.6,1.2,1.4,0.9,1.5,0.9,0.8,3.4,1.4,1.3,1.7,1.1,1.4,1.5,24.6,1.2,1.4,2.1,1.3,1.4,2.1,1.4,1.0,1.8,1.1,1.2,1.0,1.2,0.7,1.3,1.2,0.9,0.9,0.8,1.1,1.6,1.3,0.6
2,3.2,1.8,1.1,4.6,2.6,1.6,1.0,1.1,1.7,1.3,1.4,0.3,1.5,1.4,1.2,0.6,0.4,1.3,1.2,4.1,0.7,1.2,0.5,0.8,1.0,0.9,0.9,1.0,0.8,1.5,1.1,0.8,1.2,0.7,0.8,1.1,1.6,2.0,4.8,0.9,2.2,0.9,0.6,0.4,0.9,1.0,1.0,0.9,5.9,1.3,0.7,0.5,1.1,1.6,1.0,4.8,1.0,0.9,1.1,0.6,1.4,1.6,1.2,2.4,1.2,1.1,1.6,0.9,1.1,1.1,0.8,1.1,1.1,0.9,0.9,0.8,0.6,1.0,1.2,0.9,1.6,0.5,1.0,0.6,1.9,3.0,1.4,1.1,1.2,0.9,0.7,1.1,0.9,1.1,0.9,1.6
2,19.6,2.0,1.8,4.1,2.4,2.7,1.0,0.9,9.2,2.6,0.9,0.4,0.9,1.3,1.3,1.0,0.0,3.2,2.7,2.2,1.3,0.9,1.5,1.0,1.2,1.6,0.6,0.9,0.8,1.2,1.0,0.5,1.2,1.3,1.1,1.0,2.7,4.1,10.5,2.0,6.5,1.7,1.0,1.4,1.2,0.8,1.0,0.9,9.3,1.8,1.0,1.2,1.2,1.6,1.0,10.5,1.5,1.2,2.2,1.0,1.3,1.8,1.4,4.1,1.0,1.0,3.1,1.0,1.8,1.4,1.0,0.1,7.2,0.9,1.0,1.5,0.9,1.0,1.3,1.0,1.1,1.5,1.2,1.5,0.8,2.4,1.5,1.0,1.5,1.0,0.8,1.1,1.0,1.0,1.0,1.1
2,1.8,1.5,0.9,6.6,0.4,2.3,0.8,2.6,1.4,0.7,2.1,1.5,1.0,0.9,1.1,0.8,1.2,1.1,1.4,5.1,2.2,0.8,2.4,1.5,0.7,2.0,0.9,0.6,0.5,4.9,1.0,1.1,0.8,1.6,1.0,0.7,2.9,0.2,1.3,0.8,6.5,1.9,0.6,4.2,0.9,0.5,1.0,1.1,4.0,2.4,0.8,1.5,1.0,0.7,1.2,1.3,1.1,0.8,1.3,1.0,1.3,1.3,1.0,1.7,0.6,1.0,1.4,0.5,0.8,1.4,0.9,0.3,1.2,0.8,0.5,3.0,0.4,1.3,1.2,1.0,1.6,1.7,0.8,2.0,0.8,0.8,1.5,1.0,0.8,0.8,0.6,1.1,1.0,3.2,0.8,0.9
2,1.3,0.7,0.7,2.3,1146.3,1.2,2.6,1.1,1.2,1.9,1.0,0.1,1.5,1.3,3.2,1.6,2.5,0.2,1.3,1.9,1.1,1.3,1.5,0.9,0.9,1.1,1.1,1.8,1.1,0.9,1.1,1.2,2.0,0.9,1.1,1.3,4.6,609.4,3.8,0.8,1.6,0.9,1.6,1.3,1.4,1.9,0.9,1.0,1.2,0.7,1.0,0.8,0.8,0.9,1.0,3.8,1.7,1.4,0.6,1.4,1.4,0.8,1.1,0.8,1.0,1.7,1.3,1.3,0.8,1.3,0.8,0.6,5.3,1.1,1.4,1.0,1.0,1.1,0.7,1.2,1.1,0.8,0.5,0.8,0.4,0.6,1.0,1.0,0.7,1.2,0.5,1.0,1.1,0.7,0.9,1.0
2,1.1,0.8,0.6,1.1,1.7,1.0,1.0,1.0,1.2,2.1,1.1,0.3,1.1,1.3,1.0,0.9,0.6,2.6,0.8,0.7,0.7,0.9,0.7,1.3,1.5,0.9,1.2,0.8,1.0,1.3,1.0,0.5,1.2,0.9,0.9,1.0,0.7,0.9,4.6,0.5,0.8,1.0,0.7,0.4,1.1,0.9,1.3,0.9,1.0,0.6,0.8,0.7,0.9,0.9,0.8,4.6,0.9,1.0,0.7,0.9,1.6,0.6,1.1,1.3,1.5,0.3,0.9,0.6,0.8,0.8,0.8,1.1,1.3,0.9,0.9,0.7,0.8,1.0,1.0,1.0,0.9,0.6,0.7,0.7,1.7,2.4,0.9,0.8,1.2,1.0,0.8,1.0,1.0,1.2,0.9,1.5
2,1.6,0.9,0.7,3.7,132.4,2.0,6.3,2.4,2.6,8.5,1.3,1.2,1.3,2.3,2.7,1.1,1.5,0.1,0.4,2.8,0.2,1.4,0.7,0.8,0.7,0.2,1.2,1.5,1.1,1.3,1.1,2.4,6.9,0.7,0.6,1.2,1.0,94.2,4.1,0.5,1.9,0.4,1.4,0.3,0.9,2.4,1.0,1.2,1.5,0.5,1.3,0.6,0.6,0.5,1.3,4.1,0.2,1.6,0.6,1.0,1.0,1.6,1.4,0.9,1.1,11.8,1.6,0.7,0.9,1.6,0.9,0.8,9.6,0.9,1.2,0.5,0.8,0.9,1.8,1.2,1.0,1.1,1.0,0.7,0.9,0.5,1.3,1.1,1.8,1.4,0.8,1.0,1.2,1.9,0.8,1.0
2,1.2,1.5,0.9,4.0,3.3,2.3,2.6,1.1,2.1,8.3,1.0,10.0,1.3,2.7,2.2,1.1,1.2,4.6,2.7,1.3,0.7,1.0,0.6,0.9,1.2,0.8,1.3,2.6,1.1,2.5,1.2,1.2,4.1,1.0,0.8,1.0,3.6,6.0,11.6,0.5,1.6,0.9,1.0,0.4,0.8,1.1,1.2,1.0,1.7,1.8,1.0,0.6,1.2,1.5,1.4,11.6,0.8,0.9,3.6,0.8,1.2,2.4,1.1,0.8,1.4,5.8,0.9,0.6,1.1,1.3,0.8,1.2,3.9,1.1,1.6,0.7,0.8,1.1,1.1,1.1,1.2,0.5,0.8,0.7,0.5,4.3,1.3,1.2,1.2,1.1,0.9,0.9,1.0,1.7,0.9,0.9
2,1.6,1.2,0.8,1.6,3.3,1.2,2.1,1.5,2.2,8.7,1.2,1.7,1.5,2.7,1.8,1.4,0.8,0.3,1.4,1.5,0.7,1.0,0.5,1.0,1.1,0.7,1.2,2.0,0.9,2.3,1.0,1.0,2.9,1.0,0.8,1.0,1.6,3.5,9.5,0.5,1.6,0.9,1.2,0.4,0.8,1.0,1.0,1.0,1.9,1.1,0.8,0.6,1.2,0.9,1.1,9.5,0.7,1.2,1.0,0.9,1.4,1.2,1.3,1.1,1.3,5.0,1.0,0.5,0.9,1.3,0.9,1.7,4.5,1.0,1.4,0.7,0.6,1.0,1.1,1.1,1.1,0.6,0.7,0.7,1.3,2.3,1.1,1.1,1.2,1.0,0.9,1.0,1.0,2.0,1.0,1.1
2,1.4,1.1,0.3,2.0,0.7,2.0,2.5,2.3,2.3,6.4,1.2,11.0,1.0,1.7,3.2,1.4,0.5,1.1,1.6,1.9,1.2,0.9,1.2,1.3,0.7,0.9,1.2,1.1,0.4,3.0,0.8,1.8,4.6,2.0,0.7,0.8,4.4,0.3,2.0,0.4,5.6,1.1,0.6,1.5,0.8,0.7,1.1,1.1,2.1,2.7,0.5,1.2,1.3,1.5,1.7,2.0,0.9,1.1,0.5,0.7,1.3,2.9,1.3,2.0,0.8,7.1,0.5,0.2,1.0,1.7,1.1,2.1,5.5,0.9,0.7,1.2,0.8,0.9,0.9,0.9,1.1,1.5,0.6,1.2,2.1,1.3,1.1,0.8,1.0,1.0,0.8,1.1,1.1,1.2,0.9,1.1
2,1.9,0.9,0.4,3.1,356.3,0.7,6.0,2.9,2.3,7.1,1.2,1.8,1.1,1.3,2.3,2.5,2.1,0.8,0.6,2.7,0.4,1.5,0.9,0.7,0.9,0.2,1.4,2.0,1.2,1.5,1.2,1.6,3.3,0.9,0.8,1.3,2.9,223.7,3.8,0.5,2.5,0.6,1.7,0.4,1.1,2.1,0.8,1.1,2.1,0.9,0.8,0.8,0.8,0.9,1.6,3.8,0.4,1.0,0.7,0.9,0.8,1.2,1.6,0.5,1.4,8.0,1.5,0.7,0.8,1.7,1.0,1.2,17.5,1.0,1.5,0.7,1.0,1.1,1.7,1.4,0.9,1.0,1.0,0.7,2.6,0.9,0.8,1.1,1.6,1.4,0.8,0.9,1.2,1.5,0.8,1.0
2,2.2,1.3,0.7,5.0,20.0,1.2,2.3,1.2,2.0,8.8,0.9,1.5,1.2,2.7,1.6,1.0,0.9,1.4,2.1,1.2,0.8,1.0,0.8,0.8,1.5,0.8,1.5,1.5,1.3,2.6,1.3,0.6,1.7,1.0,1.0,1.1,3.0,15.4,8.0,0.5,1.7,1.2,0.8,0.4,1.0,1.1,1.3,0.9,2.1,0.8,1.0,0.7,1.1,1.4,1.4,8.0,0.9,1.0,2.8,0.8,2.3,0.9,1.4,0.8,1.8,3.0,1.1,0.6,1.1,1.2,0.9,0.5,5.4,1.1,1.6,0.9,0.8,1.2,1.1,1.2,1.0,0.5,0.9,0.7,1.4,1.9,0.8,1.3,1.1,1.0,1.0,0.9,1.0,1.9,0.9,1.4
2,2.4,1.4,0.7,3.2,16.9,0.9,2.8,1.5,2.3,10.1,1.3,9.5,1.5,2.8,1.9,1.5,0.5,3.6,2.0,1.3,1.0,1.0,1.1,1.1,1.2,0.8,1.4,2.0,1.4,2.6,1.3,1.0,2.1,1.5,1.0,1.3,2.1,11.8,9.1,0.6,2.9,1.4,1.1,0.8,1.1,1.1,1.4,0.9,3.6,0.8,1.0,1.1,1.1,1.2,1.7,9.1,1.6,0.9,1.4,0.8,1.5,0.9,0.6,0.7,1.7,2.6,1.0,0.5,1.1,1.2,0.9,1.3,17.3,1.2,1.7,1.1,0.8,1.0,0.5,1.1,0.9,0.9,0.5,0.7,1.6,4.6,1.0,1.0,0.9,1.0,0.7,0.9,1.0,1.6,1.0,1.4
2,3.1,1.8,0.0,3.3,0.2,1.9,5.0,6.4,2.7,12.9,1.7,35.9,2.2,1.9,0.9,2.0,1.8,0.7,1.4,3.0,1.2,1.5,1.8,1.0,0.8,0.7,1.7,1.5,1.3,3.2,1.3,2.1,3.6,1.6,1.0,1.2,0.6,0.8,2.8,0.7,4.1,1.0,1.7,1.3,1.2,1.6,1.1,1.2,3.5,1.8,0.8,1.2,1.3,0.8,2.1,2.8,1.1,1.3,0.5,1.2,0.8,1.5,1.2,0.6,1.0,3.0,0.7,0.5,0.8,1.6,1.2,1.0,18.1,0.9,1.2,1.1,1.1,1.1,0.7,1.0,0.8,1.2,1.0,0.8,8.8,0.7,0.7,0.9,0.6,1.1,1.0,0.8,1.0,1.5,1.1,0.8
2,3.5,2.8,0.4,21.8,112.5,7.9,0.5,0.4,1.0,0.1,0.6,0.1,3.8,3.0,20.0,3.1,4.2,0.9,8.4,2.6,2.6,1.2,3.5,3.1,2.6,5.9,1.7,1.8,0.7,0.9,1.1,0.0,1.9,3.1,1.8,1.4,56.0,295.0,0.4,1.4,8.2,3.8,2.6,9.0,1.4,1.1,1.7,1.8,4.1,17.0,2.0,2.2,1.1,3.2,2.3,0.4,3.1,0.8,25.4,2.6,7.9,21.6,0.8,1.2,1.7,7.6,1.8,3.0,1.2,11.6,7.0,5.6,0.5,2.8,17.3,2.3,3.1,1.0,0.1,0.6,1.4,1.8,0.4,1.0,4.6,3.1,1.4,0.5,3.6,1.7,1.1,0.5,0.9,4.0,4.2,0.6
2,25.4,23.0,16.6,4.2,13.3,0.8,1.1,5.7,6.5,0.1,1.1,3.9,3.0,2.7,9.4,22.7,4.5,0.8,2.8,7.2,0.9,3.0,1.2,0.8,0.9,1.5,2.7,1.7,4.2,18.5,2.3,1.2,1.9,4.6,1.3,1.8,3.7,37.5,6.3,5.9,3.7,1.4,48.6,1.3,2.2,5.2,1.8,1.0,11.7,1.4,1.4,1.7,1.0,1.4,5.0,6.3,1.1,1.2,1.5,1.6,1.0,1.4,0.7,0.2,1.1,2.1,4.4,2.1,1.8,1.3,1.1,0.3,1.5,4.0,29.8,1.3,2.7,1.6,0.1,1.2,2.7,1.0,0.9,0.6,1.7,2.1,0.2,2.1,0.5,1.4,1.2,0.5,0.9,7.4,1.3,0.4
2,5.2,3.4,1.3,26.7,5.0,0.8,1.5,14.4,3.0,1.3,8.0,0.0,1.0,1.0,1.2,2.0,9.6,1.6,1.7,1.7,1.4,1.4,1.4,1.6,1.1,0.5,2.0,0.8,1.2,2.3,1.5,1.0,2.0,1.6,0.7,1.2,1.3,3.5,4.1,0.8,4.2,1.0,1.8,1.2,1.1,1.0,0.9,1.0,5.3,1.2,1.1,1.5,1.0,0.8,2.0,4.1,1.3,1.1,1.3,1.1,0.7,1.3,0.9,1.0,1.0,0.9,2.8,1.1,2.3,1.2,1.2,0.3,9.5,1.2,1.1,1.1,0.9,1.0,0.7,1.2,1.0,1.8,0.9,1.2,1.4,1.0,0.8,1.0,0.5,1.1,0.7,0.8,1.1,5.4,1.1,1.3
2,1.6,0.9,0.9,3.8,1548.7,6.1,2.4,2.0,0.8,0.9,1.2,2.7,1.8,2.4,6.5,1.2,0.0,2.5,1.3,2.0,0.4,1.5,0.8,1.1,1.2,1.0,1.3,2.1,1.1,1.7,1.3,0.0,0.1,0.7,1.0,1.5,22.5,965.6,0.5,0.6,1.6,0.9,1.0,0.3,1.3,2.4,1.0,1.1,2.6,4.5,1.2,0.8,0.8,0.4,1.1,0.5,0.5,1.2,1.0,0.9,4.6,6.0,1.2,1.4,2.6,1.0,2.1,1.2,0.8,2.0,1.4,4.6,3.5,1.4,1.4,0.8,1.3,1.1,0.6,1.1,1.4,0.7,0.3,0.7,0.5,1.7,0.6,0.9,0.9,0.9,0.9,0.9,1.0,2.3,0.9,1.0
2,1.4,1.8,0.7,12.6,566.5,40.3,0.9,0.1,0.5,0.2,0.3,7.7,4.5,11.5,16.6,2.1,1.5,6.3,27.5,0.7,1.5,0.7,4.3,1.8,4.2,10.4,1.4,0.8,1.1,1.7,1.0,0.0,3.0,2.5,2.0,1.8,70.9,562.2,4.2,0.7,2.6,4.1,2.6,1.9,1.0,0.5,1.2,1.2,2.8,38.2,3.1,1.3,0.9,0.0,0.7,4.2,4.4,0.6,75.5,1.3,7.8,49.9,0.5,0.4,2.6,14.7,2.5,1.1,1.3,11.0,8.5,1.7,1.8,3.1,7.4,1.7,3.2,1.7,0.2,0.8,1.4,1.0,0.3,0.7,7.8,19.9,0.2,0.5,0.7,0.9,2.5,0.4,0.7,3.2,2.1,2.9
2,1.4,0.9,1.1,4.7,142.8,7.3,0.9,0.6,0.7,1.0,0.9,0.5,4.5,1.8,4.3,1.8,0.2,2.5,5.6,1.1,1.5,0.9,1.7,1.1,1.9,4.1,1.4,1.2,1.6,2.9,1.2,0.2,0.8,0.7,1.1,1.2,13.6,106.7,1.6,0.8,2.0,2.3,1.1,1.1,1.2,1.1,1.0,0.9,2.8,6.1,1.4,1.3,0.9,1.9,1.0,1.6,1.7,0.8,10.3,1.0,3.6,6.2,1.7,1.6,1.7,3.0,3.6,0.7,1.0,2.3,2.3,11.3,2.1,1.4,2.2,2.2,1.3,1.2,1.1,1.0,0.8,1.1,0.5,0.8,1.6,3.4,0.7,1.1,1.4,0.8,1.1,0.8,0.9,2.7,0.9,1.1
2,1.3,2.2,0.2,6.9,10.9,29.9,1.2,0.3,0.3,0.4,0.3,1.2,6.4,2.2,5.1,1.1,0.6,0.3,13.6,0.9,2.0,0.5,5.4,1.5,3.3,12.0,1.0,0.9,1.1,0.7,1.4,0.0,3.9,1.5,4.4,1.7,42.2,22.0,2.9,1.1,5.9,4.4,1.5,2.9,2.1,1.0,1.8,1.2,5.5,40.4,1.7,1.8,1.5,0.3,1.5,2.9,4.4,1.3,9.6,0.8,2.9,65.8,1.0,0.8,1.0,2.4,0.6,0.8,1.9,6.8,4.8,6.0,2.2,5.1,3.6,4.1,4.5,1.7,1.1,1.1,1.1,1.3,0.4,1.2,3.2,2.3,0.1,0.4,0.4,0.6,2.3,0.5,0.9,0.9,1.5,1.2
2,2.3,0.8,1.2,4.8,5.1,1.5,1.0,0.9,0.7,1.2,1.3,9.8,0.5,0.9,0.9,0.9,0.3,0.4,1.1,1.6,1.2,1.0,1.3,1.0,1.0,0.8,1.0,0.9,0.8,2.0,1.0,0.6,0.5,1.2,1.0,1.0,1.7,4.5,3.0,0.7,2.7,1.3,0.9,1.0,1.1,0.6,0.8,0.9,1.9,1.4,0.9,1.2,1.0,0.5,1.2,0.9,1.2,1.1,0.8,1.1,1.3,1.4,1.1,1.4,1.3,0.7,0.8,1.4,1.6,1.0,1.0,2.0,1.7,0.9,0.6,0.8,0.6,1.0,1.2,1.0,1.1,1.4,1.0,1.2,0.8,1.8,0.7,0.8,0.9,0.9,0.6,1.0,1.0,2.3,0.9,1.1
2,0.8,0.7,1.1,4.7,28.0,1.7,1.0,1.4,0.8,1.6,1.2,0.3,0.8,1.4,1.5,1.0,0.3,1.6,1.0,1.0,0.6,0.9,0.5,1.0,1.3,0.6,0.8,0.9,1.2,1.3,0.9,1.9,1.1,1.1,1.0,0.9,1.7,22.4,1.0,0.9,1.0,0.7,0.8,0.5,1.0,1.1,0.7,1.2,0.9,1.8,1.1,0.5,1.0,0.9,1.0,1.0,0.7,0.9,1.2,0.8,1.1,1.7,1.3,1.0,0.9,0.9,1.2,1.7,1.1,1.3,1.0,0.4,0.9,0.7,1.5,0.6,0.8,0.9,2.1,1.0,1.5,0.8,1.3,1.0,0.5,1.3,1.0,0.9,1.4,1.4,0.8,1.0,1.0,2.6,0.8,1.2
2,2.1,0.9,1.3,3.6,2.5,5.4,1.2,1.2,1.0,1.3,1.1,48.6,1.3,1.3,1.2,1.4,1.3,0.3,4.2,1.3,1.0,1.4,0.7,0.8,2.0,1.2,1.2,1.5,1.9,2.6,1.2,0.6,0.8,1.9,1.1,1.0,8.7,2.3,5.2,1.3,0.9,1.0,1.9,0.4,1.3,1.2,1.1,1.0,1.3,7.0,1.8,0.8,1.0,0.6,1.5,1.5,1.4,0.3,4.9,1.1,1.2,21.6,0.9,0.8,1.1,3.7,1.4,1.6,1.0,1.8,0.7,0.2,1.9,1.0,2.0,1.1,1.1,1.3,0.5,1.0,1.4,0.7,0.7,0.9,1.2,2.1,0.6,1.0,0.6,1.6,0.6,0.9,0.9,1.8,0.6,0.7
2,1.6,0.7,0.8,3.8,0.2,2.2,1.2,2.1,1.6,1.9,1.6,0.0,0.8,0.7,0.7,1.1,0.9,0.8,1.0,2.2,1.4,0.8,2.0,1.2,0.9,1.5,0.9,0.9,0.9,2.1,0.9,0.9,0.9,1.1,0.9,0.9,0.9,0.2,2.1,1.0,2.6,1.1,0.9,1.7,1.5,0.9,0.9,1.1,1.3,1.7,0.7,1.0,1.0,0.6,1.1,2.1,1.3,0.8,0.7,1.4,1.5,1.0,1.3,1.7,0.8,0.5,0.9,1.4,1.0,1.0,1.1,1.7,2.6,0.9,0.8,1.1,0.6,0.9,1.3,1.1,1.3,1.6,0.8,1.2,1.4,0.8,0.9,0.9,1.1,1.2,0.6,1.1,1.1,2.4,0.8,1.6
2,2.1,3.3,0.7,4.1,44.6,5.9,1.0,1.9,1.3,0.1,0.9,1.2,4.0,1.1,9.6,3.2,3.6,1.3,3.9,2.3,2.2,0.9,2.3,1.6,2.2,3.4,1.8,0.7,0.8,1.5,0.9,0.0,1.9,3.0,1.0,1.2,17.8,109.8,1.9,1.0,9.4,2.9,3.2,3.5,1.0,1.1,1.9,1.3,5.6,9.7,0.9,1.3,1.1,1.8,1.2,1.9,1.9,0.8,7.0,3.6,2.9,11.8,0.7,0.6,0.8,0.3,2.0,2.5,0.8,4.9,2.9,0.3,0.4,2.7,6.7,1.8,1.8,1.0,0.2,0.6,1.7,1.3,0.4,0.8,2.6,1.6,0.5,0.5,0.7,0.7,1.0,0.7,0.9,3.6,2.9,0.3
2,3.2,3.3,0.9,5.2,14.7,4.6,1.3,2.2,1.3,0.3,0.8,41.9,2.3,1.3,1.9,5.0,2.6,0.6,4.4,1.5,1.5,1.3,1.9,1.0,1.9,2.3,1.5,1.0,1.7,2.0,1.2,1.0,1.8,1.6,1.5,1.2,7.7,19.5,0.6,0.8,2.3,1.5,4.0,1.4,1.0,1.7,1.3,1.3,3.7,6.2,0.7,1.2,1.3,0.3,1.2,0.6,2.1,1.8,2.7,3.8,0.9,6.5,1.1,0.5,1.4,1.0,1.2,0.6,0.6,2.8,4.2,0.9,1.1,2.0,3.6,1.1,3.6,1.3,0.2,1.1,0.9,1.1,1.1,0.6,1.4,1.9,0.7,0.7,1.2,1.4,2.0,0.7,1.0,3.3,1.9,0.5
2,2.1,3.3,0.7,4.1,44.6,5.9,1.0,1.9,1.3,0.1,0.9,1.2,4.0,1.1,9.6,3.2,3.6,1.3,3.9,2.3,2.2,0.9,2.3,1.6,2.2,3.4,1.8,0.7,0.8,1.5,0.9,0.0,1.9,3.0,1.0,1.2,17.8,109.8,1.9,1.0,9.4,2.9,3.2,3.5,1.0,1.1,1.9,1.3,5.6,9.7,0.9,1.3,1.1,1.8,1.2,1.9,1.9,0.8,7.0,3.6,2.9,11.8,0.7,0.6,0.8,0.3,2.0,2.5,0.8,4.9,2.9,0.3,0.4,2.7,6.7,1.8,1.8,1.0,0.2,0.6,1.7,1.3,0.4,0.8,2.6,1.6,0.5,0.5,0.7,0.7,1.0,0.7,0.9,3.6,2.9,0.3
2,4.8,1.9,0.4,0.7,12.2,2.0,3.4,0.5,1.8,0.3,0.6,30.1,0.9,0.6,1.9,1.8,1.2,1.8,2.6,2.3,1.2,2.2,1.1,0.9,1.1,0.6,1.6,1.8,1.9,1.3,1.6,1.2,2.3,0.9,1.2,1.3,2.1,25.1,1.3,0.7,1.6,1.0,2.3,1.0,1.3,2.5,1.6,1.2,2.1,1.1,1.4,1.1,1.4,1.3,1.2,1.3,2.7,1.5,1.6,1.5,0.6,1.5,1.4,0.1,1.6,13.8,0.5,0.2,1.6,1.4,1.4,9.6,7.7,1.2,2.3,1.0,2.4,1.3,0.5,1.4,0.6,0.8,1.4,0.7,1.3,1.1,0.4,1.7,0.8,1.4,1.2,0.6,1.0,0.7,1.4,0.4
0,0.8,0.7,0.8,2.2,0.1,1.8,1.4,1.1,1.3,1.2,1.0,0.9,1.0,0.9,0.7,1.3,0.8,1.0,0.8,1.5,1.0,1.0,1.7,1.3,0.8,1.1,1.0,0.9,0.9,2.0,0.9,1.1,1.0,1.2,1.0,0.9,0.6,0.1,1.7,0.9,1.6,1.1,0.8,1.7,1.1,0.9,0.6,1.1,1.0,1.2,0.7,0.9,1.1,0.7,1.0,1.7,1.2,1.0,0.5,0.8,1.2,0.7,1.1,1.3,0.8,0.6,1.0,1.3,1.0,1.2,0.9,1.0,1.3,0.8,0.9,1.2,0.7,1.0,1.0,1.1,1.0,1.2,0.8,1.0,0.4,1.2,1.2,0.9,0.9,1.2,0.6,1.1,1.0,1.2,0.8,0.7
0,0.9,0.8,1.1,2.7,0.6,1.0,1.2,1.9,1.0,1.3,1.2,1.7,1.2,1.2,0.8,0.7,0.4,1.1,1.0,1.7,1.1,1.0,1.3,1.0,1.2,0.9,1.0,0.8,1.1,2.5,1.1,2.2,0.6,1.2,1.1,1.1,0.3,0.7,3.4,1.1,1.8,1.2,0.8,1.2,1.2,1.1,1.3,1.0,1.0,1.4,1.0,0.9,1.1,0.8,1.1,3.4,1.1,1.3,0.4,1.4,1.2,0.8,1.1,1.2,0.7,0.5,1.0,2.1,1.2,0.9,0.9,0.4,1.3,0.9,0.9,1.0,0.8,1.1,1.5,1.2,1.3,1.1,1.0,1.3,0.4,1.4,1.0,0.9,1.2,1.0,0.7,1.0,1.1,1.0,1.2,0.7
0,5.4,4.9,14.1,3.4,0.8,2.1,0.8,7.4,7.1,0.3,2.0,0.0,1.1,2.9,2.0,18.0,2.0,1.0,0.9,9.0,0.9,1.3,0.8,1.4,0.6,1.1,1.2,1.1,0.9,2.6,0.9,1.4,2.2,3.3,0.7,0.9,3.8,1.6,4.8,3.0,2.8,1.0,16.2,1.0,1.2,1.1,0.8,1.1,3.4,2.0,0.6,0.8,1.0,0.8,1.3,4.8,0.7,0.8,0.8,1.3,1.1,1.3,0.7,2.1,1.1,4.1,13.3,1.1,1.7,1.6,0.9,0.4,0.5,1.3,25.6,0.9,0.8,1.0,0.8,0.9,2.4,1.0,0.8,0.8,0.7,1.0,1.1,1.0,0.8,1.1,0.8,1.1,1.0,2.9,0.7,0.6
0,9.2,5.6,12.5,3.8,1.0,1.4,1.0,10.7,6.1,0.4,1.8,15.6,1.1,4.5,2.0,16.1,1.2,2.6,1.0,5.5,0.9,1.8,0.9,0.9,0.9,0.8,1.8,1.0,1.6,2.2,1.4,1.1,1.7,2.0,1.0,1.2,1.1,1.6,2.6,2.7,2.0,1.0,23.0,0.9,1.5,1.5,1.1,1.0,6.1,1.3,1.1,0.9,1.0,1.6,1.6,2.6,1.0,1.5,1.1,1.5,1.2,1.3,1.3,1.4,1.1,6.8,12.1,1.0,1.6,1.3,1.2,0.7,0.8,1.3,19.5,0.9,1.3,1.2,1.2,1.1,1.9,0.9,1.2,0.8,0.8,1.1,0.7,1.4,1.0,1.1,1.0,0.9,1.1,2.2,1.2,0.6
0,11.9,12.4,2.1,2.0,1063.7,1.6,13.3,5.9,5.0,6.6,1.4,0.0,1.5,1.9,4.2,2.6,4.9,0.9,0.6,5.8,0.3,1.8,0.6,0.6,1.0,0.3,1.4,1.3,1.4,4.0,1.5,1.1,0.7,1.0,1.0,1.4,1.1,478.8,0.1,1.1,8.3,0.5,2.1,0.4,1.3,2.1,0.9,1.0,14.6,1.0,1.3,0.8,0.8,1.3,2.1,0.1,0.3,1.3,0.4,1.3,1.5,0.4,1.5,1.0,0.9,2.6,3.3,1.3,1.6,1.7,1.0,0.5,53.3,1.3,1.6,0.7,0.9,1.1,2.1,1.3,1.3,1.0,0.9,0.8,1.2,0.7,1.0,1.2,2.0,1.0,0.6,1.0,1.0,1.5,1.3,1.0
0,3.5,3.7,1.6,3.9,1.6,2.5,3.2,1.4,3.1,4.5,0.8,1.1,0.8,1.3,1.2,1.3,0.0,3.2,2.6,2.6,1.3,0.9,1.5,1.1,1.6,1.7,1.4,0.6,1.2,2.9,1.3,1.2,0.4,2.5,1.2,1.1,2.2,1.8,1.9,1.5,10.3,2.2,1.3,1.5,1.3,0.9,1.7,0.9,6.7,2.0,1.2,1.9,1.0,1.7,1.8,1.9,1.3,1.0,1.3,0.8,1.1,2.4,1.4,1.4,0.6,1.2,1.8,1.1,1.9,1.1,1.1,0.0,38.3,1.1,0.9,1.6,0.8,1.2,1.4,1.1,1.1,1.4,0.8,1.4,0.6,2.4,0.7,1.0,1.3,0.9,0.8,1.0,0.8,1.3,0.9,0.8
0,2.2,4.5,1.4,3.3,2.4,2.3,4.7,2.8,4.0,5.3,1.5,5.4,1.1,2.0,1.5,1.4,1.1,1.4,1.4,2.4,0.7,1.0,0.6,1.3,1.3,1.0,1.7,0.4,1.1,3.3,1.2,0.5,1.0,2.5,0.9,1.2,1.9,1.6,1.6,0.8,7.6,1.1,1.3,0.5,1.1,1.0,1.4,0.9,4.9,2.4,0.9,0.9,1.0,1.4,1.7,1.6,0.7,0.9,1.8,0.9,1.8,2.3,0.9,1.6,1.1,0.6,1.8,0.6,1.7,1.0,0.9,0.1,27.2,0.9,0.8,0.9,0.6,0.9,0.8,0.9,1.6,0.7,0.4,1.0,0.4,1.4,0.6,0.8,0.8,0.8,0.5,1.1,0.8,1.5,1.1,0.9
0,9.7,12.3,0.5,3.1,0.5,1.9,7.4,14.6,1.8,9.5,2.2,3.9,1.3,1.2,1.3,0.9,0.3,0.8,1.8,2.7,1.2,1.9,1.2,1.1,1.5,1.2,2.2,1.3,1.2,6.6,1.3,1.4,0.9,1.6,1.2,1.2,1.0,0.4,0.7,0.9,10.1,1.5,1.3,1.4,1.4,1.1,1.4,0.9,29.2,1.1,0.9,2.0,1.1,1.9,2.5,0.7,1.6,0.9,1.1,0.9,1.7,0.9,1.7,0.9,0.8,1.3,0.8,0.3,1.6,0.7,1.6,0.3,41.0,1.1,0.7,1.1,1.6,1.3,1.7,1.0,1.3,1.0,0.7,1.1,0.3,0.8,0.8,1.2,1.1,0.8,0.8,0.9,1.1,1.2,1.5,0.6
0,0.7,0.8,0.9,1.3,12.1,1.4,1.2,0.5,1.0,1.2,0.7,9.3,1.2,1.0,0.9,0.9,1.0,1.1,0.9,0.7,0.6,0.9,0.7,1.0,0.9,0.4,1.1,0.7,1.0,0.7,0.9,0.9,1.1,0.8,1.0,0.9,2.2,5.2,1.3,0.5,0.6,0.7,0.8,0.3,0.7,0.9,0.7,1.0,0.6,1.7,1.0,0.6,0.9,0.7,0.8,1.6,0.6,1.2,1.6,1.0,0.8,1.9,1.1,0.9,1.7,1.1,0.8,0.7,0.7,1.1,0.8,2.2,0.7,0.8,0.9,0.7,0.9,1.1,1.2,1.0,1.1,0.5,1.3,0.7,2.3,1.2,0.9,1.0,1.0,0.9,1.3,1.0,1.0,0.9,0.8,1.4
0,0.8,1.0,0.8,2.3,1.3,0.9,1.1,0.9,1.2,1.2,0.9,1.2,0.7,1.3,1.0,1.5,0.5,0.5,1.2,1.1,1.2,1.0,1.4,1.7,0.8,1.2,0.9,0.6,0.6,0.8,0.9,0.8,1.7,1.4,0.5,1.0,0.9,1.5,0.7,0.4,2.3,0.9,1.1,1.7,0.6,0.8,1.1,1.2,1.3,1.0,0.7,1.2,1.0,1.1,0.8,0.7,0.8,1.1,2.0,1.0,1.1,1.1,1.7,1.0,0.8,0.4,1.9,1.3,1.2,1.1,1.2,0.6,1.2,0.8,0.6,1.1,0.9,0.7,1.4,1.1,0.8,1.5,1.3,1.1,0.9,0.5,1.0,0.9,1.0,1.1,1.0,1.0,1.1,1.7,0.8,1.4
0,0.9,1.3,1.2,1.4,3.0,0.5,1.0,0.5,0.8,0.7,0.5,0.6,1.0,0.9,0.7,0.7,1.5,0.7,1.2,0.9,1.2,1.0,1.2,1.0,1.1,0.7,1.1,0.8,1.1,0.9,1.3,0.8,0.5,1.0,1.3,1.1,0.7,1.3,2.2,1.2,0.7,1.5,0.8,0.8,1.3,1.1,1.0,0.8,1.3,0.7,1.1,1.6,0.9,0.9,1.0,0.8,1.3,1.1,1.1,1.2,0.8,0.6,1.2,0.6,1.2,0.9,0.8,1.1,1.3,0.9,1.0,2.0,1.2,1.1,1.0,1.3,1.2,1.2,1.4,1.0,0.9,1.2,1.1,1.0,0.8,0.9,0.5,1.1,0.8,0.9,1.0,1.0,0.9,0.8,0.8,1.0
0,0.7,1.0,1.0,2.1,1.2,1.5,0.9,1.4,1.5,0.8,0.9,0.1,0.6,0.6,0.9,1.6,0.8,1.4,1.3,0.9,0.8,0.7,0.5,1.0,1.1,0.5,0.9,1.1,1.1,0.9,0.9,1.1,2.2,1.0,0.8,1.0,1.1,1.4,0.5,1.3,0.6,0.8,1.4,0.5,1.3,1.0,0.7,1.1,1.1,1.4,1.0,0.7,0.9,0.6,1.3,0.5,0.9,0.7,1.9,1.0,0.7,1.5,0.9,0.9,0.8,0.8,0.9,0.8,1.1,1.1,0.9,0.0,1.2,0.8,1.2,0.6,1.0,0.8,1.1,0.9,1.2,0.8,0.5,0.8,1.1,0.9,0.8,0.9,0.8,1.5,0.6,1.1,1.0,0.8,0.7,1.1
0,1.3,0.9,1.1,1.2,5.3,1.1,0.9,0.6,1.2,1.0,0.9,0.2,1.1,0.9,1.3,1.2,1.6,0.3,1.1,1.2,1.8,0.8,2.8,1.1,0.8,1.7,0.8,1.2,0.8,0.9,0.9,1.2,0.9,1.1,1.1,0.9,2.8,12.1,0.8,1.6,1.9,1.5,1.0,3.3,1.2,0.9,0.7,1.1,1.0,1.7,0.8,1.2,1.2,0.7,1.0,0.8,1.3,1.1,0.8,0.0,0.8,0.8,1.4,0.7,0.7,0.3,1.4,1.3,1.0,1.6,1.4,0.9,1.2,0.9,1.6,1.8,0.8,0.9,1.4,1.2,0.6,2.0,1.4,1.5,1.2,0.8,1.3,1.3,1.1,1.2,1.1,1.1,1.1,1.2,0.9,0.8
0,1.4,1.3,1.2,1.5,1.7,1.2,1.1,1.0,1.1,1.0,0.9,7.7,0.7,1.1,1.0,1.1,0.6,1.0,1.6,1.2,1.7,1.1,2.5,1.2,1.4,1.4,1.2,1.0,1.4,1.3,1.3,0.8,1.3,1.3,1.7,1.2,1.0,3.7,1.4,1.6,2.0,1.8,1.6,2.4,1.5,1.2,0.8,1.0,1.3,2.0,1.3,1.8,1.1,1.0,1.1,1.4,1.5,1.0,0.7,1.6,0.8,1.2,1.4,0.8,0.8,0.2,1.0,1.9,1.1,1.1,1.1,0.6,1.6,1.1,1.2,1.9,1.2,1.1,1.5,1.2,0.9,1.7,1.2,1.6,0.7,0.9,0.9,1.2,1.1,1.0,1.2,1.0,1.1,1.0,1.0,1.1
0,1.2,1.1,1.1,1.8,0.7,2.1,0.9,1.3,1.3,0.9,1.1,0.0,1.0,1.1,1.3,1.0,0.5,1.3,1.6,0.9,1.7,1.0,2.4,0.9,1.0,1.5,1.1,1.0,1.2,1.0,1.1,0.9,1.3,1.4,1.1,1.1,2.4,1.6,0.7,1.5,2.4,1.7,1.0,3.9,1.1,1.2,0.7,1.0,1.1,1.2,1.2,1.7,0.9,0.7,1.3,0.7,1.2,1.1,0.6,1.0,0.9,1.4,1.0,1.5,0.7,1.3,0.7,1.0,1.2,1.0,1.2,0.6,1.6,1.1,1.0,1.8,0.9,1.0,1.0,1.0,0.8,1.5,0.8,1.4,1.0,0.5,0.9,1.0,0.7,0.8,0.7,1.0,1.0,1.0,1.1,0.5
0,1.3,1.3,0.8,1.2,0.5,1.4,1.0,1.7,1.4,1.0,1.2,7.3,1.3,1.5,1.0,1.0,1.1,1.1,1.7,0.9,1.6,1.0,2.3,1.2,1.1,1.6,1.2,1.2,1.1,1.0,1.2,0.7,1.4,1.5,1.1,1.2,1.1,0.6,1.1,1.4,2.9,1.8,1.2,2.8,1.3,1.1,0.9,1.0,1.3,1.3,1.2,1.7,1.0,1.0,1.2,1.1,1.4,0.9,0.9,1.1,0.8,1.4,1.0,1.3,0.9,1.0,0.6,1.2,1.1,1.1,1.2,0.1,1.6,1.0,1.0,2.1,1.0,1.1,1.1,1.1,0.9,1.7,0.9,1.6,0.9,0.6,0.9,0.9,0.9,0.9,0.7,1.0,1.1,1.1,1.0,0.9
0,3.4,2.5,1.2,4.0,760.5,1.8,6.4,1.2,1.9,4.2,0.9,2.1,0.9,2.4,8.9,3.0,1.9,3.3,2.2,2.7,1.1,1.4,1.9,0.6,1.2,0.6,1.8,2.0,1.7,3.6,1.7,0.8,0.7,1.1,1.2,1.5,2.1,377.2,8.6,0.8,4.8,1.0,2.8,1.5,1.2,3.4,1.0,0.9,5.2,1.0,1.6,1.3,1.3,0.5,2.2,8.6,2.5,1.3,0.5,1.3,1.5,0.2,1.4,0.5,0.8,31.2,1.7,0.6,1.4,1.4,1.1,1.5,20.1,1.8,1.9,1.2,1.6,1.4,1.3,1.5,1.4,1.1,0.7,0.9,1.1,0.7,0.6,1.2,1.1,1.2,0.9,0.8,1.0,2.5,1.0,1.0
0,2.0,2.6,1.1,1.5,2.0,2.5,3.2,0.6,2.4,5.0,0.9,5.2,1.3,2.7,3.8,2.5,0.6,2.2,1.7,1.3,0.6,1.1,0.6,1.0,1.3,1.2,1.8,1.5,1.0,4.6,1.4,0.9,0.6,2.0,0.8,1.1,3.9,3.3,12.9,0.4,2.4,0.8,1.7,0.4,0.7,1.3,1.3,0.9,3.3,3.0,0.7,0.7,1.0,1.4,1.5,12.9,0.8,1.1,3.1,0.8,1.9,3.7,1.1,1.2,1.4,6.1,1.3,0.2,1.4,1.3,1.0,2.8,8.5,1.2,1.8,0.6,0.9,1.1,0.7,0.9,1.4,0.6,0.5,0.7,0.8,4.1,0.6,0.9,0.6,0.9,0.9,1.0,0.9,3.4,0.9,1.1
0,2.8,2.4,0.9,3.0,5.8,3.9,2.5,0.5,1.9,5.3,0.7,8.5,1.2,2.4,3.0,1.8,1.2,1.0,3.5,1.0,0.6,0.9,0.7,1.2,1.5,1.3,1.7,0.9,1.0,3.3,1.2,0.8,0.8,1.5,0.8,1.1,4.1,3.9,12.7,0.6,2.3,0.9,1.2,0.5,0.9,1.2,1.5,1.0,3.4,3.5,0.9,1.1,1.0,1.5,1.8,12.7,1.2,1.2,5.6,0.7,1.6,3.3,1.3,1.1,1.0,3.9,1.4,0.3,1.4,1.7,1.2,0.1,9.6,1.3,1.2,0.6,0.9,1.2,1.1,1.0,1.5,0.8,0.7,0.9,0.9,1.2,0.5,1.0,0.8,1.0,1.1,0.9,0.8,3.0,0.9,0.9
0,2.5,1.4,1.3,5.4,2.0,2.1,0.8,1.7,2.5,1.0,1.8,1.8,0.7,0.9,1.2,1.4,0.9,1.3,1.2,2.2,0.9,0.9,1.0,1.3,0.7,1.2,0.8,1.0,0.7,0.7,0.8,1.8,0.9,1.1,0.6,0.9,7.2,5.1,1.0,1.1,1.5,0.9,1.3,1.0,1.0,0.8,0.8,1.2,1.1,1.5,0.5,1.0,1.0,0.9,1.3,1.0,0.6,1.1,1.4,1.0,1.5,2.2,1.4,2.3,0.8,1.1,1.5,1.2,0.8,1.7,1.0,0.5,0.7,0.7,1.3,0.8,0.5,0.9,0.9,1.0,1.4,1.2,1.1,0.9,0.9,0.7,1.4,1.0,0.9,1.0,0.7,1.1,1.1,1.2,0.8,1.0
0,5.1,2.4,3.0,2.9,1.9,0.8,1.1,1.7,3.3,0.8,1.2,0.2,1.4,0.9,0.9,1.4,1.5,0.5,0.9,6.1,1.0,1.2,1.1,0.9,0.8,0.8,0.9,1.0,1.3,0.8,1.3,1.4,1.3,1.1,0.9,1.3,1.4,3.1,1.3,1.6,1.3,1.0,2.0,1.0,1.5,1.3,0.7,1.0,2.1,1.2,1.1,1.1,1.3,1.1,1.0,1.3,1.1,1.6,1.2,1.7,0.7,1.5,1.4,1.9,0.9,0.8,2.8,2.6,1.3,1.2,1.0,0.7,1.3,0.9,1.3,1.0,0.9,1.0,1.5,1.3,1.1,1.4,1.3,1.0,0.8,1.1,0.8,1.1,1.1,1.1,1.0,1.0,1.1,0.9,1.2,0.7
0,2.8,1.7,1.4,1.9,1.7,1.5,1.0,1.5,1.5,1.0,1.1,0.4,1.7,1.0,1.9,0.9,1.5,0.9,1.1,2.0,0.8,0.8,0.9,1.1,1.0,1.1,1.3,0.7,1.5,2.3,1.1,0.8,1.0,1.0,0.7,1.0,2.4,5.3,0.9,0.6,2.2,0.9,1.0,0.9,1.1,1.2,1.2,0.9,1.5,1.1,0.9,1.3,0.8,0.5,1.2,0.9,0.9,0.9,1.3,0.9,1.8,1.3,1.4,1.2,0.8,2.3,1.4,1.6,1.2,1.2,0.9,0.3,0.8,1.5,1.0,1.2,0.9,1.1,1.0,1.1,2.1,1.1,0.9,0.9,1.5,0.8,1.1,0.9,0.8,0.9,1.2,1.1,1.0,3.1,1.0,1.2
0,3.6,1.8,1.7,1.7,0.7,1.1,1.3,2.1,1.4,0.7,1.2,11.5,2.0,0.7,1.0,1.0,1.0,1.2,0.9,1.9,1.1,1.2,1.1,1.1,0.9,0.9,1.3,0.9,1.3,1.6,1.3,0.5,1.1,1.0,0.9,1.1,1.1,0.8,0.8,0.5,2.0,0.9,1.7,1.1,1.0,1.4,1.1,1.0,1.5,1.0,0.9,1.1,0.9,0.6,1.0,0.8,1.1,1.1,1.0,1.3,1.4,1.1,1.1,0.9,0.8,3.3,1.4,1.3,1.0,1.0,1.0,0.2,1.1,1.2,0.8,1.1,1.0,1.1,1.1,1.2,1.6,1.2,1.1,1.1,1.5,0.8,1.0,0.7,0.9,1.1,1.2,1.0,1.1,2.7,0.9,1.3
0,0.9,1.0,1.1,1.5,9.5,1.2,1.2,0.7,1.0,1.1,0.7,5.6,1.1,0.8,0.9,1.2,2.1,3.8,0.9,0.9,0.8,1.0,0.7,1.0,0.9,0.5,1.1,0.7,1.1,0.9,1.1,0.7,0.7,0.8,1.0,0.9,1.5,7.8,4.2,0.6,0.5,0.8,1.0,0.4,0.7,1.0,1.0,1.0,0.8,1.4,0.8,0.8,1.0,1.1,0.7,0.7,0.7,1.2,2.0,0.9,0.8,1.4,1.4,0.7,1.3,1.2,1.1,1.0,0.9,1.2,1.0,1.8,0.7,1.0,1.1,0.9,1.0,1.1,1.8,1.1,1.2,0.6,1.6,0.7,1.2,1.5,0.8,1.1,1.2,0.9,1.5,1.0,1.0,0.9,0.9,1.3
0,1.0,0.9,1.1,2.3,2.0,2.9,1.1,1.2,0.9,1.0,1.0,7.4,0.9,1.0,1.1,1.0,0.3,1.7,2.3,0.6,1.1,0.9,1.4,1.0,1.6,1.5,0.9,1.0,1.6,0.8,1.0,2.0,1.0,1.1,1.7,1.0,2.6,3.5,1.6,1.6,0.8,1.1,1.1,0.9,1.3,1.2,0.9,1.0,0.8,2.7,1.6,1.0,1.1,0.7,1.1,1.6,1.3,1.0,1.0,1.1,1.3,2.6,0.8,1.1,1.1,1.1,0.9,1.2,0.8,1.3,1.0,0.1,1.6,0.9,1.2,1.3,1.4,1.0,0.7,0.9,0.9,1.4,0.8,1.2,1.2,1.3,1.2,1.0,0.8,1.0,1.0,1.0,1.0,1.1,1.0,1.2
0,0.6,0.7,1.0,6.4,1.0,1.2,1.1,1.3,1.1,1.1,1.3,2.5,1.1,0.8,0.8,1.7,0.2,1.6,1.1,1.0,0.6,1.0,0.3,1.0,0.8,0.4,1.1,0.9,0.9,1.0,1.0,0.5,1.0,1.0,0.7,0.9,1.3,1.7,2.0,0.6,0.7,0.5,0.9,0.4,0.5,1.1,1.2,1.2,0.5,1.3,0.8,0.4,1.0,1.0,0.9,2.0,0.6,0.8,1.2,0.8,1.4,1.3,1.5,0.8,1.5,0.8,1.3,0.9,0.8,1.2,0.9,0.8,0.4,0.7,1.0,0.6,0.8,0.8,2.0,1.1,1.1,0.6,1.2,0.7,1.7,1.9,1.1,1.0,1.1,1.3,1.1,1.0,1.2,2.6,0.8,1.3
0,0.9,0.9,1.0,1.8,2.1,2.4,1.2,1.3,0.8,0.8,0.8,41.4,0.8,0.8,1.0,1.2,0.9,2.3,1.2,0.9,0.4,1.2,0.4,0.8,0.9,0.5,1.4,0.6,1.1,1.3,1.1,0.6,0.3,1.0,0.7,1.0,3.4,1.0,1.4,0.6,0.6,0.7,0.9,0.4,0.6,1.6,1.0,1.0,0.9,2.7,1.1,0.5,1.2,0.6,0.8,0.7,0.8,0.3,5.3,1.0,1.1,6.9,1.0,1.2,0.9,2.1,0.9,0.8,0.8,1.1,0.7,1.7,0.6,1.1,1.2,0.8,0.8,0.9,0.6,0.9,1.2,0.5,0.6,0.7,1.3,1.1,0.6,1.1,0.7,1.1,0.7,0.9,1.2,1.5,0.7,0.6
0,1.6,1.3,1.4,2.3,5.8,1.3,1.0,0.9,1.3,1.1,1.0,6.9,0.8,0.9,0.8,1.2,0.6,4.4,1.0,2.2,0.8,1.0,0.6,1.1,1.1,0.6,1.2,0.8,1.0,0.9,1.1,0.8,0.8,1.0,0.9,1.0,1.4,5.1,3.8,0.8,0.8,0.8,1.1,0.4,0.9,0.9,1.1,1.0,1.3,1.3,0.8,0.8,1.0,1.1,1.1,1.3,0.7,1.3,1.6,1.0,1.4,1.3,1.3,1.3,1.6,1.2,1.5,1.2,0.9,1.1,0.9,2.9,0.5,0.9,0.9,0.8,0.8,1.0,1.2,0.9,1.5,0.7,1.0,0.9,1.5,1.7,0.8,0.9,1.1,1.0,0.8,1.0,1.0,1.6,0.8,1.4
0,0.9,0.8,0.9,6.1,0.2,0.7,0.6,2.2,1.0,0.8,1.7,0.1,0.7,1.0,0.8,0.9,0.8,1.0,0.8,2.3,0.9,1.0,0.6,0.9,0.7,0.7,1.3,1.0,0.5,2.1,1.0,1.2,0.9,0.9,0.8,0.9,0.9,0.1,1.0,0.7,1.3,0.7,0.6,0.9,0.7,0.6,0.9,1.0,1.2,0.9,0.8,0.9,1.1,0.7,1.4,1.0,0.6,1.0,0.9,1.2,1.4,0.7,1.3,1.5,0.7,1.0,1.1,0.4,1.0,1.0,1.0,0.6,0.3,0.9,0.8,0.8,0.6,1.0,1.3,1.0,1.4,0.9,1.1,0.9,0.2,0.9,1.4,1.2,1.1,1.1,0.9,1.1,1.1,2.1,1.0,0.8
0,1.1,1.0,1.2,2.1,7.9,0.9,1.1,0.6,1.0,1.1,0.8,1.3,0.9,0.9,0.9,1.1,1.1,1.6,1.3,1.2,1.2,1.0,1.3,1.1,1.0,0.7,1.0,0.8,1.1,1.4,1.1,0.7,1.1,1.1,1.2,1.0,1.5,5.0,2.5,0.9,1.4,1.1,1.0,0.9,1.0,0.9,0.9,1.0,1.3,1.2,1.1,1.4,1.0,0.9,0.9,1.3,0.9,1.0,1.4,0.9,0.9,1.3,1.0,0.8,1.2,0.5,1.3,1.5,1.1,1.1,1.0,2.7,1.2,1.0,1.2,1.1,1.0,1.0,1.1,1.1,0.9,1.3,1.1,1.2,1.2,1.2,0.7,1.0,1.0,0.9,1.0,1.0,1.0,1.1,0.9,1.2
0,0.6,0.6,1.0,2.2,1.5,1.5,1.2,1.3,0.9,0.9,1.1,2.2,1.1,0.9,1.0,1.2,0.5,1.1,1.0,0.7,0.5,1.1,0.4,0.9,0.8,0.4,1.1,0.8,0.8,1.2,1.1,1.0,1.2,1.0,0.8,1.0,1.2,1.8,1.0,0.6,0.6,0.5,0.7,0.3,0.7,1.1,0.9,1.0,0.5,1.1,0.8,0.5,1.0,0.8,0.9,1.0,0.5,1.0,1.8,0.6,1.0,1.2,1.0,0.8,1.2,0.7,1.3,0.6,0.8,1.0,0.8,2.1,0.6,0.8,1.1,0.5,1.0,0.9,1.0,0.9,1.1,0.5,0.9,0.6,1.4,2.3,1.0,1.0,1.0,1.0,0.8,1.1,1.0,1.3,1.0,1.3
0,1.1,0.9,0.9,0.4,0.6,4.3,1.2,0.8,1.0,0.8,0.6,511.7,1.3,1.0,1.3,1.3,0.4,0.2,2.9,0.8,1.1,1.4,1.1,1.1,0.8,1.0,1.2,0.5,0.8,1.0,1.1,0.3,0.5,1.4,0.7,1.0,4.2,0.6,1.0,0.7,1.3,1.1,1.1,1.4,0.7,1.2,0.7,1.0,1.1,3.5,1.0,1.4,1.0,0.7,0.8,0.1,1.2,0.4,2.6,0.8,1.0,7.3,1.3,1.3,0.8,0.7,1.1,0.6,1.0,1.3,0.9,0.0,1.6,0.8,0.8,1.0,1.1,1.0,0.5,0.9,0.5,1.1,1.0,1.0,0.7,0.5,0.8,0.8,0.5,1.2,0.8,1.0,1.0,0.8,0.7,0.6
0,0.7,0.6,0.5,0.8,7.6,2.3,1.4,0.5,0.8,1.1,0.5,0.8,2.3,1.7,1.2,1.0,2.4,2.3,1.2,0.7,0.5,1.0,0.6,1.8,0.5,0.9,0.9,0.4,0.4,0.6,0.8,0.7,1.0,1.1,0.4,0.8,2.5,1.2,0.9,0.2,1.5,1.1,0.7,0.7,0.7,0.4,0.7,1.0,1.0,2.6,0.6,1.5,0.8,0.9,0.8,0.8,1.0,1.1,3.1,0.6,0.7,2.3,1.0,0.9,2.3,5.7,0.7,0.2,1.2,1.0,1.2,66.4,2.1,0.6,0.5,0.6,0.9,1.2,0.7,0.7,0.9,0.9,1.0,1.0,1.2,1.3,1.0,0.5,1.1,1.0,0.8,1.1,1.0,0.6,0.8,1.6
0,0.7,0.8,0.9,2.1,1.1,1.4,1.1,1.1,1.2,1.2,1.1,0.3,1.0,1.0,1.0,1.5,2.4,1.4,1.2,1.2,0.7,1.1,0.4,1.3,0.8,0.6,0.9,0.7,0.7,1.1,1.1,1.1,1.5,1.1,0.7,1.0,1.7,1.4,0.8,0.6,1.2,0.6,1.0,0.5,0.6,1.0,0.8,1.2,1.1,1.5,0.7,0.7,1.1,0.7,0.9,0.8,0.6,1.1,1.1,0.8,1.3,1.6,1.4,1.2,1.1,0.7,1.8,0.9,1.0,1.3,1.0,0.5,0.7,0.8,1.0,0.6,0.9,0.8,1.2,1.0,1.0,0.7,1.1,0.6,1.3,1.9,1.1,1.1,1.0,1.2,0.9,1.0,1.1,1.6,0.9,1.3
0,1.1,0.7,0.7,1.0,0.1,1.3,1.0,1.1,1.2,1.0,1.1,0.0,1.0,0.7,0.6,1.1,0.8,1.1,1.4,1.2,2.6,0.9,3.9,1.5,0.8,2.1,0.9,0.8,0.8,0.9,0.9,1.0,1.2,1.5,1.2,0.9,0.8,0.2,0.6,1.2,3.1,1.8,0.9,5.3,1.2,1.1,0.8,1.2,1.2,1.2,0.6,1.3,1.1,0.4,1.1,0.6,2.3,0.8,0.3,0.8,0.9,1.1,1.0,1.2,0.6,0.3,1.1,0.9,0.7,1.0,1.2,0.8,1.6,0.9,0.8,2.0,0.8,0.8,0.9,1.0,0.7,1.7,0.9,1.5,0.6,0.7,1.2,0.9,0.9,1.2,0.8,1.1,1.1,1.2,0.8,0.8
0,1.3,1.2,1.2,1.5,0.6,1.8,1.0,1.3,1.2,1.1,1.0,1.3,1.5,1.1,0.7,0.9,0.6,0.6,1.5,1.2,2.3,0.9,3.2,1.1,1.1,2.0,1.1,1.1,1.2,1.2,1.2,1.1,1.1,1.1,1.5,1.1,0.4,0.5,1.5,1.7,2.3,1.7,1.3,3.9,1.3,1.2,1.2,1.1,1.5,1.4,1.2,1.4,1.2,1.1,1.0,1.5,2.2,1.2,0.5,1.5,1.2,0.8,1.4,1.0,0.7,0.7,1.2,2.0,1.1,0.9,1.3,0.2,1.5,1.0,1.1,2.5,1.0,1.0,1.4,1.1,0.9,1.6,1.3,1.6,0.4,0.5,1.1,1.3,1.0,1.1,1.2,1.0,1.1,1.0,1.1,0.7
