,1.9,1.2,1.3,2.0,1.3,1.3,1.0,1.2,1.3,1.2,0.9,3.3,1.1,0.7,0.7,1.3,1.1,0.8,1.4,1.8,1.5,1.1,2.6,1.1,1.2,1.5,1.1,1.4,1.2,1.4,1.2,1.0,1.2,1.1,1.4,1.1,1.3,1.6,2.1,1.5,2.6,1.5,2.5,4.2,1.3,1.1,0.9,1.1,1.6,1.0,1.0,1.3,1.2,1.0,0.9,2.1,1.4,1.5,0.6,1.5,1.0,0.8,1.6,0.8,0.6,0.8,2.1,1.9,0.9,1.1,1.2,0.6,1.0,1.0,1.3,1.8,1.1,1.0,2.2,1.2,0.6,1.9,1.3,1.5,0.7,0.9,1.1,1.4,1.5,1.2,1.1,0.9,1.2,1.5,1.0,0.9
,1.5,0.8,0.7,1.5,1.7,1.8,0.9,1.3,1.3,1.2,1.4,1.1,1.9,0.8,1.1,1.0,0.4,0.9,1.3,1.1,1.9,0.9,2.9,1.5,0.9,3.4,0.8,0.9,0.7,0.9,0.8,1.3,1.2,1.2,1.1,0.8,4.9,3.3,0.9,1.6,2.8,1.7,0.7,2.5,1.2,0.9,1.3,1.1,1.0,2.0,0.5,1.1,1.0,0.9,0.9,0.9,1.2,0.8,0.9,1.1,1.5,1.3,0.9,2.5,0.6,0.4,0.6,1.2,0.8,1.4,1.1,1.9,1.3,0.9,1.0,1.8,0.6,0.8,0.9,0.9,0.8,1.6,0.6,1.7,0.8,0.4,1.5,0.6,0.9,1.4,0.7,1.3,1.1,1.2,0.9,0.7
,2.3,1.4,1.6,5.5,1.6,0.9,1.0,1.9,1.4,1.1,1.2,6.7,1.4,0.9,0.8,1.3,1.6,1.5,1.2,4.1,1.0,1.3,1.2,1.0,1.3,0.9,1.3,1.2,1.5,3.1,1.2,1.0,1.2,1.2,1.4,1.2,1.1,3.1,4.9,1.4,2.0,0.9,2.2,0.9,1.4,1.1,1.1,1.0,2.4,1.0,1.0,0.7,1.3,0.8,1.3,4.9,1.0,1.3,1.2,2.1,1.3,1.1,1.4,0.9,0.9,0.4,2.1,3.1,1.1,0.9,0.9,0.1,0.7,1.0,1.7,1.0,0.9,1.1,2.0,1.3,1.2,0.7,1.2,0.8,0.5,3.6,1.0,1.2,1.3,1.2,0.9,0.9,1.1,1.8,1.0,0.5
,1.2,0.7,0.9,3.5,1.9,1.0,0.9,1.6,1.1,1.2,1.4,0.9,1.1,0.9,0.9,0.9,0.9,1.1,0.7,1.7,0.9,0.9,0.8,1.2,0.8,1.3,0.9,1.0,0.7,1.9,0.7,1.0,0.7,0.9,0.9,0.7,3.6,3.7,1.5,0.8,0.9,1.0,0.5,1.0,1.1,0.8,1.1,1.2,0.6,1.6,0.5,0.6,1.2,0.8,0.9,1.5,0.6,1.0,1.3,1.0,2.0,1.4,1.2,2.6,0.8,0.7,0.8,1.3,0.8,1.3,1.0,0.5,0.5,0.8,1.1,0.7,0.6,0.9,1.5,1.0,1.1,0.8,0.9,0.8,0.6,1.0,1.5,0.7,1.4,1.3,0.6,1.2,1.1,1.3,0.8,0.7
,17.9,10.7,1.4,4.7,7.3,5.8,7.8,33.6,4.3,6.7,3.4,37.8,1.9,1.3,2.3,3.2,0.3,1.3,2.7,5.5,1.0,3.1,1.4,1.0,0.9,3.2,1.9,1.3,2.0,2.1,1.7,0.6,1.0,1.4,1.4,1.4,6.2,11.3,0.5,1.6,5.6,0.8,4.4,0.9,1.2,2.5,1.6,1.1,14.1,9.1,1.0,1.5,1.1,1.2,3.4,0.5,2.1,1.1,1.0,1.6,2.0,11.6,1.6,2.1,1.2,3.4,2.9,0.8,2.1,2.4,1.8,0.7,32.4,1.4,1.3,1.2,1.5,1.0,0.7,1.3,1.2,1.1,0.8,0.7,1.6,2.6,0.3,1.0,1.0,0.9,1.3,0.9,0.9,3.2,1.1,0.9
,25.5,11.3,1.2,9.6,18.2,8.0,6.0,40.9,5.3,3.6,5.5,5.0,5.5,1.8,6.7,3.4,0.1,2.2,4.3,10.2,1.1,2.5,1.3,2.3,0.7,6.3,1.5,1.4,1.1,2.0,1.1,0.8,0.3,3.9,0.6,1.2,47.2,41.3,2.6,1.3,11.2,1.4,2.6,1.8,0.9,1.6,2.8,1.1,14.9,15.4,0.8,1.2,1.1,0.5,3.4,2.6,1.1,0.9,9.6,1.2,5.7,21.2,1.4,3.1,1.5,4.5,5.3,1.0,2.1,6.3,1.3,9.4,24.1,1.5,4.6,1.1,0.6,0.8,0.3,0.9,1.0,1.4,0.3,0.7,3.0,4.6,0.4,0.5,0.7,1.2,0.6,1.1,0.9,3.6,1.2,0.6
,68.2,11.9,1.0,1.6,3.9,2.9,2.7,0.8,6.6,0.6,0.6,5.2,2.2,1.0,1.1,2.2,2.7,0.9,2.8,2.4,2.0,1.2,3.2,1.2,1.0,1.1,1.2,1.1,1.1,0.8,1.7,0.7,1.5,1.4,1.6,1.2,3.4,3.5,1.6,1.9,3.6,1.7,4.4,3.1,1.4,1.6,1.4,1.0,6.8,2.9,1.0,2.0,1.3,1.6,0.8,1.6,4.2,1.3,0.7,3.3,0.9,2.1,1.9,0.4,0.8,4.3,0.8,0.6,2.0,1.8,2.4,3.9,14.7,1.4,1.6,1.9,2.0,1.2,1.4,1.3,0.6,2.3,1.1,1.2,1.3,0.8,0.5,0.8,0.9,1.1,1.1,0.9,1.0,0.8,1.4,0.7
,44.4,8.1,1.2,5.9,5.1,7.9,1.7,7.7,9.0,0.5,3.1,24.8,1.8,0.9,2.1,2.9,0.7,1.2,2.4,6.1,2.0,0.7,3.3,1.5,0.8,3.0,1.1,0.4,0.9,1.1,1.6,1.8,1.1,2.3,1.0,1.0,10.0,11.1,3.2,2.7,6.8,2.3,2.1,3.8,1.3,1.2,1.1,1.0,7.1,4.9,0.6,1.7,1.2,1.3,0.7,3.2,1.6,0.6,2.6,2.3,1.6,6.4,1.6,1.0,0.8,6.8,2.1,1.3,1.9,2.7,1.7,3.1,5.0,1.1,2.0,2.7,0.6,1.1,1.0,1.1,1.0,2.2,0.8,1.3,1.9,1.1,0.7,0.8,1.1,0.6,0.9,1.1,0.9,1.5,1.2,0.5
,1.6,1.2,1.5,1.5,1.5,1.0,1.0,1.0,1.2,1.0,1.0,1.0,1.5,0.7,0.9,1.0,0.7,1.0,1.1,2.1,0.9,1.1,1.0,0.9,1.2,0.8,1.0,1.0,1.2,1.1,1.2,1.2,1.3,0.8,1.0,1.1,1.0,1.2,1.4,1.2,0.6,1.0,1.2,0.9,1.1,1.1,0.8,1.0,1.0,3.0,1.0,0.8,1.0,0.9,1.1,1.4,0.8,1.0,0.5,1.2,1.0,0.6,1.6,0.9,0.9,0.8,1.4,1.5,0.9,1.1,1.0,0.5,0.5,1.0,1.0,0.9,1.1,1.2,2.7,1.2,1.1,0.9,1.3,1.0,0.4,1.2,0.9,1.1,1.7,1.2,1.0,1.0,1.2,1.1,1.0,0.6
,0.8,0.7,0.8,1.1,1.9,1.3,0.9,0.8,1.0,0.9,1.1,1.4,1.6,0.7,1.1,1.0,0.6,0.8,0.8,1.0,0.9,0.7,0.8,1.0,0.9,1.1,0.9,0.7,0.8,0.8,0.8,1.0,0.7,0.8,0.9,0.9,2.3,3.1,0.8,0.8,0.7,0.8,0.7,0.7,1.0,1.1,0.8,1.1,0.6,1.2,0.6,0.6,1.0,0.4,0.9,0.8,0.7,0.9,1.1,0.7,1.7,1.5,1.3,2.2,0.8,1.4,0.8,0.9,0.8,1.2,1.0,0.4,0.4,0.9,0.9,0.8,0.8,1.0,1.8,1.1,1.1,0.9,1.0,0.7,0.4,0.7,1.2,0.8,1.3,1.1,0.9,1.1,1.1,1.0,1.0,0.6
,1.3,0.7,0.6,2.9,1.3,1.3,1.2,1.6,1.1,1.2,1.2,5.4,1.4,1.1,0.9,1.2,1.3,1.1,1.9,1.7,1.1,1.2,1.0,0.9,1.3,1.0,1.4,1.0,1.3,1.1,1.1,1.0,0.7,0.9,1.2,1.0,1.3,3.2,0.7,0.5,0.7,1.0,1.7,0.9,1.2,1.7,1.1,1.1,0.9,1.3,1.1,1.2,1.0,0.6,1.0,0.7,1.3,1.3,0.8,1.3,1.3,1.3,1.6,0.9,1.0,0.8,1.1,0.4,1.1,1.1,1.6,0.4,1.5,1.2,1.4,1.2,1.7,1.2,2.5,1.4,0.9,1.2,1.2,0.9,1.5,1.1,1.1,1.3,1.6,1.4,1.1,0.9,1.2,1.1,1.2,1.3
,2.2,0.9,0.9,1.6,2.0,1.1,1.0,1.9,1.6,1.1,1.5,0.2,1.9,0.8,1.3,1.6,0.6,0.6,1.0,2.1,1.0,1.1,0.9,1.4,0.9,1.5,1.0,0.9,0.7,1.0,0.9,1.2,1.3,1.2,0.9,0.9,5.8,3.4,0.5,0.9,1.4,0.9,1.1,0.9,1.1,1.0,0.9,1.1,1.3,1.9,0.7,0.9,1.1,0.5,1.1,0.5,0.7,0.9,0.8,1.0,1.7,0.7,1.0,1.7,1.0,0.3,1.3,0.8,0.9,1.5,0.9,0.1,0.8,1.0,1.2,1.0,0.8,0.8,0.6,1.0,1.2,1.1,0.8,1.0,1.5,0.9,1.4,1.0,0.7,1.2,0.8,1.2,1.1,1.6,0.9,1.3
,2.1,1.4,0.5,4.6,0.8,1.3,1.6,3.6,0.7,1.2,1.3,7.6,1.5,0.5,1.0,1.9,0.9,1.4,4.4,1.6,2.2,1.7,2.9,1.0,1.7,1.2,3.2,1.4,2.7,6.3,2.1,0.8,0.8,1.3,1.8,1.3,1.0,2.2,2.6,0.6,4.1,2.3,4.3,2.1,1.7,2.8,1.2,1.1,5.2,1.7,1.5,2.9,1.1,1.0,1.7,2.6,2.5,1.4,0.8,1.7,0.7,1.7,1.4,0.2,0.8,1.3,0.6,0.4,1.4,1.1,2.4,0.5,6.2,2.9,1.3,2.5,2.9,1.4,0.4,1.7,0.9,2.3,1.6,1.1,1.5,1.1,0.4,1.6,0.4,1.6,2.0,0.6,1.1,5.1,1.4,0.6
,2.0,1.2,0.5,12.8,1.8,2.2,1.3,4.2,1.7,1.4,2.3,2.3,1.8,0.6,1.5,2.9,1.5,0.7,1.7,2.6,2.2,1.1,2.9,1.6,0.9,2.0,1.4,0.9,0.9,2.9,1.1,0.7,1.3,1.6,0.9,0.8,6.6,4.3,1.5,0.8,5.7,1.7,2.2,3.1,1.0,1.2,1.2,1.3,3.4,3.0,0.5,1.7,1.2,0.7,1.0,1.5,1.3,1.0,0.6,0.9,1.8,1.6,1.1,1.2,0.9,2.1,1.0,0.4,0.9,2.1,1.6,1.9,2.8,1.3,1.1,1.6,0.9,0.8,0.5,1.0,0.8,2.2,1.1,1.4,1.1,0.9,1.2,1.1,0.5,1.6,1.2,1.1,1.1,4.7,0.8,0.7
,1.5,1.7,0.3,13.8,175.6,94.2,1.1,0.5,0.5,0.8,0.6,17.8,4.0,5.2,28.2,3.7,15.3,0.2,13.9,1.0,1.8,1.1,3.9,3.1,2.7,50.6,0.9,3.0,0.6,1.2,0.7,0.1,12.6,0.4,1.6,0.7,148.3,251.0,1.2,0.4,5.1,3.5,4.7,1.7,2.3,0.0,1.3,0.5,2.1,159.8,6.7,1.1,4.0,0.7,0.8,1.2,4.0,0.0,18.9,3.2,13.8,134.8,2.1,0.2,2.3,22.7,0.2,0.6,0.4,22.1,9.1,21.1,0.8,4.7,19.0,2.6,8.1,2.1,1.5,1.0,3.9,0.8,0.5,0.6,4.2,10.8,0.4,0.4,2.4,0.9,2.7,0.9,2.0,3.8,3.0,1.6
,1.0,2.2,0.1,49.0,172.7,47.3,1.1,0.0,1.0,0.4,0.6,149.7,28.3,2.5,35.7,7.3,11.9,2.8,17.7,0.8,1.3,0.0,3.5,2.2,3.5,33.7,0.8,0.3,0.3,0.5,0.3,0.2,5.0,1.2,1.2,1.0,327.3,282.6,0.3,0.7,6.6,1.9,3.0,1.1,0.6,0.4,2.2,1.0,2.0,134.2,4.6,0.2,2.2,0.1,1.0,0.3,2.7,1.9,372.8,2.9,21.6,128.2,3.1,2.8,3.1,4.6,0.2,1.6,0.5,30.1,6.0,8.9,0.1,2.2,24.6,2.1,2.6,1.1,0.9,0.6,1.8,0.7,0.4,0.5,6.0,6.1,0.6,0.6,3.0,1.2,2.2,0.6,1.7,5.2,3.1,0.7
,32.7,0.9,0.0,977.7,2365.8,5008.8,1.5,0.2,1.4,3.6,2.8,22314.0,334.3,560.1,1127.0,0.2,121.9,1870.4,1121.5,1.3,14.8,0.0,0.0,1.3,6.1,2671.1,0.8,1.1,1.0,2.6,0.8,1.0,39.0,20.5,0.0,1.1,7301.3,4370.4,44.5,0.0,79.1,0.1,167.5,3.1,0.0,0.0,2.8,0.0,28.0,7815.1,138.1,0.0,4.7,1.3,3.0,44.5,0.1,2.3,201.3,54.2,764.3,4379.0,39.8,13.3,34.0,1752.4,7.1,3.0,0.0,894.5,6.8,100.4,1.9,0.2,580.2,0.3,0.4,16.8,1.3,0.7,1.5,0.9,0.0,1.0,36.5,133.8,0.0,29.8,3.4,2.9,1.5,0.8,2.8,5.6,56.5,46.5
,27.4,6.4,0.8,2532.4,1970.1,1049.6,0.6,0.0,0.0,0.5,0.5,0.7,1026.3,249.1,1169.4,5.3,0.6,9.1,1504.2,1.6,8.5,0.0,5.4,0.0,8.3,1086.4,0.5,0.1,1.5,1.4,0.3,0.3,6.2,0.0,2.5,0.6,14628.4,5974.1,0.6,2.1,68.3,0.0,32.3,9.9,1.8,0.0,0.4,0.4,11.1,4392.1,48.0,5.7,2.4,12.5,21.9,0.6,0.5,0.1,3407.1,251.4,730.3,1787.9,14.6,2.5,65.7,580.6,0.8,14.2,5.4,1162.0,5.2,460.7,1.0,2.2,765.2,3.1,3.5,7.1,0.6,0.6,0.5,3.4,0.3,2.6,111.3,475.2,1.1,2.5,0.1,8.3,1.0,0.8,0.9,2.0,12.8,15.2
,2.7,1.6,0.5,1.3,2.9,2.1,1.9,1.3,1.0,3.0,1.1,5.7,1.3,1.0,1.1,1.1,1.5,1.3,2.3,3.7,1.6,2.0,2.8,1.3,1.1,1.4,1.8,1.9,1.6,1.2,1.6,1.2,1.6,0.9,1.4,1.2,1.3,4.7,1.6,1.5,2.5,1.7,1.5,3.1,1.7,2.0,1.1,1.1,2.7,1.6,1.3,1.9,1.2,0.8,0.9,1.6,1.4,1.7,0.8,1.7,1.0,1.9,1.3,0.8,0.5,1.1,0.9,0.6,1.4,1.3,1.6,0.7,11.0,1.3,1.0,2.0,1.1,1.2,0.8,1.5,1.0,2.2,1.3,1.4,0.9,0.9,0.9,1.4,0.8,1.1,0.9,0.8,1.0,0.8,1.0,0.7
,4.4,3.1,0.7,2.1,1.9,4.9,1.3,1.4,2.1,3.7,1.1,0.1,1.1,0.6,1.4,1.5,1.4,1.2,1.2,5.0,1.1,1.1,1.2,1.7,0.7,1.7,1.2,0.9,0.8,1.1,1.0,1.1,1.2,1.3,0.7,1.0,7.0,4.3,1.4,1.7,2.3,1.4,1.5,1.5,1.0,1.1,0.8,1.2,3.1,2.9,0.6,1.2,1.3,0.7,1.0,1.4,0.8,1.0,1.1,1.2,1.2,4.1,1.2,1.4,1.0,0.5,1.3,1.0,1.2,2.5,1.3,0.9,4.1,1.0,1.2,1.1,0.4,0.8,0.6,1.1,1.2,1.5,0.8,0.9,2.7,1.3,1.2,1.1,0.7,1.0,0.7,1.0,1.1,1.8,1.0,1.0
,0.6,0.4,0.3,0.8,2.0,1.3,1.3,0.6,0.4,1.3,0.7,0.1,1.3,0.8,0.8,0.8,1.2,1.1,1.1,0.8,0.9,1.2,1.0,0.7,1.2,0.8,1.2,1.2,1.0,0.6,0.9,1.3,0.8,0.6,1.5,0.9,0.9,2.0,0.2,0.3,0.5,0.9,1.1,0.6,1.0,1.5,1.1,1.1,0.7,1.0,0.9,0.6,1.0,0.7,0.8,0.2,1.5,0.9,0.6,1.0,1.3,0.7,1.8,1.0,0.8,1.2,0.8,0.1,0.8,1.0,1.2,0.5,1.2,0.9,1.0,1.1,1.5,1.2,3.3,1.2,0.8,0.8,1.4,0.8,0.9,0.5,1.3,1.1,2.0,1.5,1.1,0.9,1.2,0.5,1.1,0.6
,1.1,0.8,0.6,2.2,2.2,1.3,0.8,0.7,1.1,1.1,0.9,0.0,1.1,0.5,1.0,1.1,0.8,1.6,1.0,1.0,1.0,0.8,0.9,1.3,0.8,1.1,0.9,0.5,0.8,0.6,0.8,1.1,1.1,0.7,0.8,0.8,5.1,2.5,0.8,0.8,0.7,0.8,0.9,0.8,0.9,0.9,0.9,1.2,0.7,1.5,0.7,0.7,1.1,0.8,0.9,0.8,0.7,0.9,1.3,1.0,1.1,1.8,1.3,1.8,0.8,1.9,0.9,0.7,0.8,1.5,1.2,0.9,0.4,0.8,0.9,0.7,0.8,0.8,1.5,1.1,0.9,1.0,1.4,0.9,0.5,0.7,1.4,0.9,1.5,1.1,1.2,1.1,1.1,1.0,0.9,0.6
,4.8,1.6,0.3,1.4,0.6,1.0,2.1,4.0,2.0,4.4,1.4,4.3,1.4,0.8,0.7,0.9,0.9,0.8,1.8,1.6,1.3,1.5,1.5,1.0,1.3,0.8,1.7,1.1,1.4,1.5,1.3,1.0,0.8,0.8,1.3,1.0,0.3,0.3,0.8,0.5,2.4,1.3,1.3,1.2,1.4,1.6,1.2,1.0,2.8,1.4,1.2,1.4,1.1,0.8,1.3,0.8,1.6,1.1,0.6,1.4,1.1,0.7,1.4,1.0,0.8,1.0,0.6,0.3,1.1,0.8,1.4,0.7,8.3,1.4,0.7,1.3,1.9,1.4,1.4,1.3,0.9,1.2,0.9,1.1,1.4,0.5,0.8,1.3,1.0,1.4,0.9,0.8,1.1,1.0,1.1,0.9
,6.8,2.1,0.5,1.7,0.2,2.2,1.6,4.4,4.1,2.0,1.5,2.7,0.9,0.6,1.1,1.1,0.8,0.6,1.3,3.6,1.0,1.3,1.0,1.3,0.8,0.9,1.2,0.8,1.1,1.5,1.3,1.1,1.2,1.2,0.7,1.0,1.2,0.3,1.4,0.8,3.7,1.2,1.2,1.1,1.1,1.2,0.8,1.0,3.0,1.7,0.8,1.4,1.1,0.8,1.2,1.4,0.9,1.0,1.1,0.7,1.1,2.4,1.1,1.3,0.9,0.9,1.0,0.6,1.1,1.2,1.0,1.5,5.1,1.3,0.8,1.2,1.0,1.3,0.6,1.0,1.1,1.2,0.6,0.8,1.2,0.7,0.7,0.9,0.6,1.0,0.8,0.9,0.9,1.4,0.9,0.8
,0.9,0.6,0.4,0.5,0.3,0.7,1.1,0.3,0.5,0.9,0.6,2.6,0.8,1.2,0.8,1.0,2.0,0.7,2.1,0.8,2.0,1.4,3.9,0.7,1.5,1.1,1.4,1.4,2.0,1.1,1.3,0.8,0.8,1.1,2.0,1.2,0.2,0.2,0.4,0.5,1.0,2.2,1.9,3.9,1.5,2.0,1.0,1.0,1.2,1.2,1.8,2.0,1.0,1.4,1.0,0.4,4.6,1.2,0.3,0.8,0.7,0.7,1.6,0.4,0.7,0.2,0.4,0.1,1.2,0.8,1.3,0.4,2.7,1.4,1.5,3.4,2.8,1.5,3.6,1.3,0.6,1.5,1.2,1.2,0.7,0.5,0.8,1.5,1.8,1.2,1.3,0.8,1.0,0.4,1.1,0.6
,1.5,1.1,1.1,1.7,0.1,1.5,0.7,1.4,0.8,1.0,1.2,1.6,0.7,1.0,1.0,0.9,1.1,0.8,1.7,1.2,2.3,0.9,3.3,1.2,1.3,2.5,1.2,0.7,1.3,1.1,1.2,0.9,0.9,1.2,1.4,1.1,1.0,0.2,0.9,1.3,2.6,2.1,1.0,5.4,1.3,1.0,1.1,0.9,1.5,1.9,1.2,1.8,1.0,1.1,1.2,0.9,2.1,0.8,0.5,1.2,1.2,0.9,1.1,1.3,0.6,0.5,0.8,1.1,1.1,0.9,1.2,0.0,1.1,1.4,0.9,2.5,0.9,1.1,1.4,1.0,1.0,1.7,1.0,1.7,0.6,0.3,1.0,1.0,0.9,0.9,0.9,1.0,1.0,1.4,0.9,0.8
,1.6,3.1,0.4,10.8,26.6,54.7,1.3,0.8,0.3,0.3,0.2,474.3,2.1,3.5,14.3,0.2,11.0,12.8,12.5,0.3,1.5,1.2,3.7,0.4,10.2,25.1,0.8,1.3,0.9,0.4,1.6,0.1,6.8,2.5,2.7,4.9,47.4,32.2,3.8,0.8,3.4,4.2,3.2,1.2,3.9,0.5,4.5,1.0,3.2,71.3,2.2,0.6,0.6,0.7,0.5,3.8,0.7,0.0,9.1,65.1,6.6,72.5,0.8,0.3,1.9,12.3,0.6,1.0,0.7,7.3,2.3,1.2,1.9,7.4,6.7,2.4,6.2,1.6,0.9,1.3,3.4,1.1,0.6,0.8,3.5,1.8,0.3,0.7,2.0,0.5,7.6,0.3,0.5,1.6,3.2,0.7
,5.5,7.2,0.6,5.9,6.8,10.1,1.3,1.6,0.8,0.1,0.4,0.1,7.0,1.0,4.0,0.5,0.2,2.7,14.2,0.9,2.0,0.7,2.0,2.1,7.3,8.2,1.2,0.2,0.9,0.6,1.7,0.0,3.6,7.3,3.2,4.0,27.9,4.6,0.8,0.8,15.1,4.4,2.7,2.7,3.0,1.4,2.0,1.6,5.6,25.7,0.8,0.6,0.7,0.1,1.5,0.8,1.3,0.7,16.7,21.8,2.3,33.8,0.4,0.1,1.1,2.9,0.6,2.6,1.8,3.4,1.5,2.4,0.9,5.4,1.9,3.8,2.7,1.3,0.3,1.4,4.4,1.6,0.5,1.1,5.7,4.0,0.3,1.0,1.2,1.2,4.4,0.3,0.5,4.6,2.6,0.8
,177.9,44.4,6.4,43.9,2.6,3.0,11.1,57.3,17.8,13.9,15.7,15.2,2.0,0.9,1.5,23.8,1.8,2.2,6.5,14.6,1.6,2.2,1.9,1.2,2.3,2.1,3.3,1.2,1.8,4.2,2.9,4.4,2.0,2.7,1.8,1.7,3.6,3.6,7.0,2.0,8.6,2.1,43.2,1.6,3.5,2.1,1.9,0.9,18.3,2.7,1.4,2.4,0.9,1.3,2.8,7.0,2.0,1.6,2.4,3.5,1.2,2.9,1.1,2.4,1.3,5.1,20.1,4.3,2.5,1.5,1.6,0.4,96.9,2.3,2.1,2.2,2.0,1.2,0.5,1.4,2.4,1.5,1.7,1.4,2.1,3.6,1.1,1.6,0.6,1.1,1.8,0.7,1.1,3.2,1.6,1.2
,86.8,36.3,18.1,128.7,6.0,3.6,5.9,75.1,27.3,17.1,32.2,1.4,3.9,2.2,2.9,42.3,2.1,3.0,4.5,26.4,1.1,1.3,1.5,2.3,1.4,3.8,1.5,1.0,1.0,3.1,1.8,13.6,3.0,3.3,1.2,1.3,13.3,12.0,16.4,1.7,6.3,2.2,39.5,2.0,2.2,1.2,1.8,0.9,7.4,3.4,0.9,1.5,0.8,0.8,3.1,16.4,1.2,1.0,2.4,3.4,3.7,3.8,1.3,12.6,1.8,15.0,43.8,5.4,1.9,3.1,1.2,1.6,26.2,2.2,2.8,1.9,0.9,1.0,1.7,1.1,2.3,1.7,0.8,1.4,3.0,2.4,1.4,1.0,1.4,1.1,1.1,0.8,1.2,7.0,1.1,1.2
,0.7,0.4,0.3,0.9,1.0,1.3,1.1,1.0,0.7,1.4,0.9,0.6,1.4,0.7,0.9,0.9,1.0,1.3,1.3,0.8,0.9,1.1,1.0,0.7,1.4,1.0,1.3,1.1,1.0,0.6,0.9,1.2,1.0,0.7,1.3,1.0,1.2,0.9,0.4,0.5,0.7,0.9,0.8,0.7,1.1,1.4,0.9,1.1,0.8,1.2,0.9,0.8,0.9,0.9,0.8,0.4,1.3,0.9,1.4,1.0,1.6,2.0,1.6,1.4,0.9,0.7,0.4,0.1,1.0,0.9,1.4,0.5,1.3,0.9,0.8,0.9,1.5,1.2,2.2,1.1,0.7,0.8,1.1,1.0,0.6,1.0,1.2,1.2,1.5,1.4,0.8,1.0,1.1,0.5,0.9,0.8
,2.2,1.2,0.9,1.2,0.9,0.6,0.8,1.4,3.2,1.4,1.3,9.4,0.8,0.9,0.7,1.6,1.3,1.0,1.1,2.1,0.9,0.8,0.9,1.4,1.1,1.1,1.0,0.8,0.8,0.9,0.8,1.2,1.2,1.3,0.9,0.8,2.6,1.0,3.0,1.2,1.2,0.9,1.3,0.8,0.9,0.7,0.8,1.2,1.0,1.4,0.7,0.7,1.0,0.9,1.2,3.0,0.6,1.0,1.1,1.3,1.2,4.2,1.3,1.8,0.8,1.1,1.1,0.9,1.3,1.4,1.1,0.2,0.3,0.7,1.4,0.8,0.5,0.9,1.3,1.0,1.1,1.1,1.4,1.0,0.8,0.7,1.7,1.2,1.1,1.1,1.0,1.1,1.1,1.5,0.7,1.2
,2.3,1.0,0.2,0.5,0.4,1.2,1.0,0.9,0.7,0.6,0.9,11.8,1.8,0.4,0.8,0.8,1.8,1.0,1.8,2.0,1.2,1.2,1.8,1.2,1.2,1.0,1.4,1.3,1.4,0.7,1.4,0.8,1.3,0.6,1.3,1.1,1.1,0.7,0.5,0.8,1.4,1.3,1.0,1.1,1.2,2.2,1.4,1.2,1.6,2.3,1.1,1.3,1.3,1.4,0.9,0.5,1.8,1.5,0.5,1.9,0.7,1.1,1.7,0.3,0.9,1.7,0.4,0.3,1.4,1.4,1.9,4.5,1.5,1.2,0.8,1.4,1.9,1.2,1.4,1.3,0.7,1.4,1.2,0.9,1.9,0.8,0.7,1.1,1.0,1.3,1.1,0.8,1.1,1.0,1.7,1.2
,0.9,0.7,0.4,1.3,1.4,2.4,0.8,1.4,1.9,0.5,1.0,2.7,2.1,1.1,1.2,1.2,1.4,1.0,1.5,1.5,1.2,0.8,1.4,1.5,0.7,1.1,0.8,1.1,0.7,0.8,0.9,0.8,1.5,1.3,0.9,1.0,5.1,2.3,0.8,0.9,1.4,1.1,0.9,1.5,0.8,1.2,1.8,1.2,1.4,2.9,0.7,1.2,1.3,1.6,0.9,0.8,1.0,1.0,2.0,1.0,1.3,1.0,1.2,1.1,1.0,3.5,0.7,0.3,0.9,2.1,1.1,22.1,0.6,1.0,1.1,1.2,0.7,0.9,0.9,1.0,1.0,1.6,0.9,1.0,2.4,0.9,1.3,0.8,0.9,1.2,0.7,1.0,1.0,1.5,1.2,0.9
,1.5,1.7,0.1,18.7,13.2,110.7,0.8,1.8,0.4,0.7,0.4,51.8,8.2,4.8,11.5,2.4,16.0,0.7,10.8,0.9,2.5,0.8,4.6,1.4,2.3,28.5,0.6,4.8,0.8,0.5,0.5,0.2,6.4,1.1,3.1,0.7,112.5,51.4,4.7,0.6,5.3,2.1,8.5,2.5,0.3,0.0,3.0,1.0,1.3,93.2,1.3,0.5,3.0,0.2,0.3,4.7,6.8,0.0,7.5,4.4,5.3,90.3,1.4,0.8,0.7,19.2,1.0,1.2,0.5,10.3,10.1,32.4,0.9,3.7,4.8,2.9,7.8,1.7,0.8,0.7,1.0,1.3,0.6,0.9,3.1,9.5,0.6,0.5,0.2,0.4,3.7,0.9,1.4,2.3,2.4,2.0
,1.2,2.1,0.2,45.5,64.7,47.1,0.5,1.9,1.1,0.4,1.0,138.1,18.2,38.4,26.6,4.9,0.3,9.0,33.1,0.9,2.3,0.0,3.5,3.1,2.7,31.3,0.6,0.0,0.3,0.5,0.3,0.2,1.2,1.7,0.8,0.6,314.8,169.7,5.6,0.9,9.0,3.4,5.8,3.2,0.9,0.2,0.6,1.1,1.2,88.8,3.8,0.7,2.9,0.1,1.2,5.6,5.4,0.0,63.8,3.3,12.5,125.9,1.8,4.1,1.4,6.1,1.5,2.5,0.1,28.9,7.9,54.2,0.3,2.8,14.3,3.2,3.0,1.2,0.6,0.5,1.4,1.4,0.3,1.2,4.8,5.3,0.8,0.5,2.9,1.0,1.9,0.9,1.5,5.1,2.8,0.5
,0.8,0.6,0.5,0.8,0.5,2.9,1.2,0.7,0.6,1.4,0.9,6.0,1.5,0.8,0.8,0.8,1.7,0.4,1.2,0.8,1.1,1.1,1.0,0.8,1.2,0.9,1.1,1.0,1.1,0.7,0.9,0.8,0.9,0.6,1.3,1.0,1.1,0.4,0.4,0.6,0.7,0.9,1.0,0.8,1.0,1.4,0.8,1.1,0.8,0.9,1.1,0.9,1.0,0.6,0.8,0.4,1.1,1.1,0.6,1.1,1.5,1.0,1.7,1.1,0.7,0.8,0.6,0.4,0.9,0.8,1.4,0.2,1.1,1.0,0.8,1.0,1.8,1.2,2.3,1.2,0.9,0.8,1.3,0.9,0.5,0.9,1.2,1.5,1.2,1.2,1.3,0.9,1.1,0.6,1.1,0.7
,0.8,0.8,0.8,1.6,0.9,0.6,0.7,1.0,1.3,1.0,1.1,0.8,0.9,0.4,0.8,0.8,0.7,0.8,0.7,1.0,1.0,0.7,0.7,1.2,0.9,1.1,0.8,0.7,0.7,0.7,0.8,1.0,1.0,0.9,0.8,0.8,2.8,1.4,0.8,0.9,0.8,1.1,0.6,0.9,0.9,0.9,0.7,1.1,0.7,2.5,0.6,0.6,1.0,0.4,0.8,0.8,0.5,0.9,0.6,0.9,1.5,2.2,1.5,2.5,0.7,1.0,0.7,0.8,0.7,1.2,1.0,0.4,0.3,0.8,0.7,0.7,0.7,0.9,1.9,1.0,1.1,1.0,1.0,0.9,0.5,0.7,1.5,0.8,1.5,1.0,0.8,1.2,1.1,1.1,0.9,0.8
,0.9,0.4,0.3,0.4,0.8,0.4,1.6,0.5,0.9,1.4,0.6,1.0,1.0,1.0,0.7,1.1,1.4,0.2,0.6,0.7,0.9,1.1,0.7,0.8,0.9,0.7,0.9,0.9,0.9,0.6,0.8,0.7,1.1,0.8,1.1,0.9,1.0,1.8,0.3,0.5,0.5,0.8,1.3,0.7,1.1,1.3,0.8,1.1,0.7,0.7,0.9,0.9,0.9,0.6,0.8,0.3,1.2,1.3,0.7,1.0,0.7,8.2,1.3,0.7,0.6,0.5,0.4,0.2,0.8,0.9,1.0,0.3,2.0,0.7,1.1,1.0,1.6,1.2,2.0,1.1,0.7,1.0,1.3,0.7,1.0,0.6,1.0,1.4,1.4,1.6,1.1,1.0,1.2,0.5,0.8,0.9
,1.5,0.7,0.7,1.9,3.7,1.3,0.9,1.1,1.9,1.4,1.1,0.1,1.6,0.8,1.4,1.2,0.9,0.7,1.2,1.0,1.1,0.8,1.0,1.4,0.9,1.3,0.9,0.9,0.7,0.8,0.8,1.1,1.2,1.1,0.9,0.7,6.1,7.3,1.2,1.3,1.1,0.8,0.9,0.9,1.1,0.8,0.9,1.3,0.8,2.0,0.7,0.8,1.0,0.8,0.9,1.2,0.8,1.2,1.4,0.9,1.7,4.2,1.0,1.4,0.9,1.5,0.7,0.7,1.0,1.7,1.0,1.1,0.7,0.7,1.6,1.0,0.7,0.9,0.9,1.1,1.1,1.3,1.1,0.9,2.1,0.8,1.6,1.2,1.1,1.3,1.0,1.2,1.1,1.1,0.7,0.9
,1.9,0.9,0.2,0.9,0.6,2.1,2.1,3.2,1.4,1.8,1.2,131.6,0.9,1.2,1.6,0.8,1.3,0.7,2.2,2.0,2.2,1.6,3.3,1.7,1.2,1.4,1.6,1.1,1.0,2.1,1.1,1.0,5.6,1.4,1.1,1.0,0.8,0.4,0.9,0.5,7.5,2.3,1.3,4.4,1.4,1.0,1.7,1.0,3.5,0.7,1.1,2.7,1.2,1.3,1.4,0.9,2.7,1.0,0.4,0.7,1.7,0.5,1.1,0.7,0.6,9.9,0.5,0.2,1.3,0.9,1.6,2.6,13.4,1.0,0.7,3.2,1.5,1.4,0.8,1.1,1.1,1.6,0.7,1.2,0.8,0.7,0.9,1.3,0.8,1.0,0.7,0.9,1.2,0.7,1.1,0.6
,2.1,1.5,0.3,2.0,1.5,3.8,2.3,3.1,3.5,2.3,1.1,17.3,1.4,1.2,1.3,1.6,1.7,1.8,2.1,2.5,2.0,1.0,2.9,1.4,0.7,1.6,0.9,0.8,0.5,1.9,0.9,1.8,4.3,2.0,1.0,0.9,5.9,0.6,1.6,1.0,8.9,1.9,1.1,4.4,0.9,0.9,1.6,1.1,2.7,2.4,0.7,1.7,1.2,1.1,1.4,1.6,1.8,1.1,1.5,0.8,1.1,2.4,1.3,1.1,0.9,8.1,0.8,0.4,1.1,2.0,1.1,4.4,9.6,0.8,0.8,2.2,0.6,0.9,0.9,0.9,0.8,1.8,0.7,1.4,1.3,1.1,1.1,0.9,0.9,0.8,0.5,1.1,1.1,0.8,1.0,0.8
,1.3,0.7,0.4,3.3,1.7,2.1,1.9,14.6,1.3,2.0,2.4,14.2,1.2,1.5,1.5,0.8,0.7,1.3,1.6,1.1,1.1,1.3,1.1,1.4,0.9,1.6,1.4,0.5,0.8,1.0,1.0,0.5,0.8,1.0,0.8,1.0,4.0,1.4,0.5,0.5,2.3,1.4,0.9,1.2,1.0,0.9,1.0,1.0,1.5,2.5,0.7,1.9,0.9,0.8,1.6,0.5,1.4,0.8,1.7,0.6,1.6,1.9,1.5,1.4,0.9,1.9,0.7,0.3,1.1,1.0,1.4,1.0,6.2,0.9,0.7,0.9,1.1,1.4,1.1,0.8,1.1,1.0,0.8,1.1,1.7,1.0,0.7,0.8,1.0,0.8,0.8,1.0,1.1,1.2,0.9,1.1
,1.3,1.0,0.9,8.9,0.5,3.6,1.4,13.2,3.3,1.1,3.9,0.5,1.5,1.1,1.1,1.3,0.7,1.4,0.9,5.7,1.1,0.8,0.6,1.3,0.6,1.3,0.9,0.4,0.4,1.3,0.9,0.9,0.8,1.6,0.7,0.9,4.9,0.4,1.3,1.0,2.3,1.0,0.7,0.9,0.9,0.5,1.0,1.0,1.7,2.0,0.6,0.8,1.0,0.8,1.6,1.3,0.6,0.8,1.8,0.8,1.6,2.3,1.3,3.7,0.8,0.5,0.6,0.4,1.3,1.4,1.0,1.3,1.4,0.7,0.5,0.8,0.4,1.0,1.4,0.9,1.3,0.9,0.7,1.2,1.3,1.3,1.0,0.8,1.4,0.7,0.6,1.3,1.0,1.3,0.9,0.8
,3.4,2.7,0.2,26.8,44.9,90.7,0.7,1.5,0.6,0.3,0.3,21.1,21.4,7.0,26.2,3.6,1.0,3.6,74.2,1.4,1.7,2.0,3.1,0.4,5.3,32.3,2.1,0.9,1.1,0.8,0.7,0.1,9.0,4.4,1.9,1.6,172.0,66.5,7.8,1.4,8.7,3.8,5.2,5.6,1.1,1.8,2.5,1.2,4.9,96.6,4.4,2.3,1.2,9.1,3.5,7.8,6.3,1.7,15.7,2.2,8.5,84.9,2.0,0.4,2.4,23.4,0.1,2.5,1.3,27.6,8.6,2.8,1.4,3.1,9.9,2.6,8.6,1.3,0.1,0.5,2.6,1.1,0.4,0.7,4.0,9.0,0.5,0.7,0.2,0.7,1.9,0.6,0.9,3.4,5.5,1.2
,1.7,2.0,0.2,26.1,57.4,34.2,0.6,2.3,1.6,0.2,0.5,15.9,17.9,5.0,29.3,4.8,0.1,2.4,43.6,1.2,2.0,0.8,2.4,1.6,3.1,24.3,1.8,0.1,0.6,1.0,0.7,0.1,1.3,4.5,0.8,1.0,395.2,114.9,2.8,0.8,7.9,2.9,4.0,3.6,0.7,0.7,1.6,1.2,3.1,142.1,2.2,1.3,1.4,0.0,1.3,2.8,2.1,0.4,52.5,2.4,5.7,132.9,1.1,2.6,3.2,4.9,1.3,2.0,0.8,24.6,8.4,6.1,0.6,2.8,10.2,2.6,2.9,0.9,0.3,0.4,2.4,1.4,0.5,1.0,10.0,8.1,1.4,0.3,1.3,1.2,1.3,1.1,0.9,5.0,5.9,0.6
,2.8,1.8,0.4,2.3,3.5,4.0,1.9,4.4,1.2,2.0,0.9,78.1,1.6,2.4,2.8,3.3,0.4,2.2,4.7,2.6,1.8,2.5,1.9,1.3,1.7,2.3,2.5,1.2,1.5,1.7,1.6,0.9,4.1,1.9,1.7,1.4,7.7,2.2,2.0,0.7,4.2,2.1,3.7,1.7,1.3,1.6,1.5,1.1,5.1,4.4,1.1,2.9,1.1,2.5,1.6,2.0,2.6,1.6,2.7,1.6,1.0,4.2,1.4,0.3,1.1,11.0,1.3,0.4,1.7,1.8,2.4,3.6,7.9,1.4,2.1,1.5,2.9,1.2,0.4,1.0,1.3,1.1,1.3,0.9,1.7,2.1,0.4,1.6,0.5,0.9,2.0,0.7,0.9,1.5,1.6,0.5
,1.9,1.6,0.5,10.3,9.8,3.0,1.8,4.0,2.4,2.5,1.7,13.0,2.0,1.7,4.6,3.2,1.9,0.5,6.2,3.1,3.2,1.0,3.3,1.6,1.4,3.4,1.3,0.8,0.7,2.1,1.2,1.9,5.6,3.3,1.2,1.0,43.8,21.0,4.0,1.2,11.9,2.7,2.2,4.7,1.1,1.7,1.0,1.1,3.2,7.8,0.9,2.0,1.2,1.6,2.3,4.0,1.8,1.1,4.6,1.1,1.9,12.0,1.5,1.8,0.9,4.7,1.7,0.9,1.4,4.3,2.7,2.6,5.0,1.7,2.0,3.1,1.1,1.0,0.8,0.8,1.1,1.9,0.6,1.5,1.6,0.9,0.7,0.9,0.5,1.1,1.0,1.0,0.9,2.6,2.1,0.6
,15.8,5.8,0.8,48.2,174.4,159.6,1.6,1.5,1.2,0.8,1.5,492.4,88.8,6.8,35.4,4.6,9.0,9.6,37.0,0.7,2.8,0.0,5.3,1.3,16.7,65.4,1.0,0.1,1.0,0.5,1.9,0.1,4.9,8.7,5.2,7.2,256.3,167.9,1.2,0.5,9.9,3.8,15.4,1.0,7.3,0.0,2.4,1.4,10.0,187.4,4.5,0.3,0.4,0.7,4.7,1.2,1.3,0.0,28.5,53.4,17.7,194.6,1.0,0.7,4.5,58.6,3.4,0.8,0.9,26.8,1.1,4.6,7.9,7.8,20.5,4.4,8.0,1.6,0.2,1.3,4.2,1.1,0.6,0.8,6.7,31.0,0.3,1.1,10.7,0.9,9.4,0.1,0.6,2.4,1.4,1.9
,7.7,7.7,1.4,24.7,52.5,40.9,1.0,6.6,2.3,0.4,1.4,13.5,17.4,3.8,17.2,4.1,0.4,1.2,34.2,2.0,2.6,1.9,3.6,3.2,9.3,23.5,1.1,0.9,0.7,0.7,1.4,0.2,5.8,13.2,2.4,5.7,216.2,123.2,1.6,1.0,9.4,5.8,6.7,3.1,4.6,1.7,3.1,1.4,3.3,224.5,2.1,0.6,0.6,0.1,3.2,1.6,1.5,0.4,62.9,16.4,8.5,62.0,0.5,1.2,1.8,13.9,2.2,1.4,1.7,19.3,1.0,30.9,3.0,5.2,14.4,5.5,2.7,1.2,0.1,1.4,4.1,1.5,0.4,1.3,7.9,12.7,0.6,1.0,3.1,1.7,5.3,0.2,0.6,4.1,2.0,1.2
